customer_id,recency_days,frequency,monetary,r_score,f_score,m_score,segment
18102,0,145,580987.04,4,4,4,Champions
14646,1,151,528602.52,4,4,4,Champions
14156,9,156,313437.62,4,4,4,Champions
14911,0,398,291420.81,4,4,4,Champions
17450,7,51,244784.25,4,4,4,Champions
13694,3,143,195640.69,4,4,4,Champions
17511,2,60,172132.87,4,4,4,Champions
16446,0,2,168472.5,4,2,4,New / Promising
16684,3,55,147142.77,4,4,4,Champions
12415,23,28,144458.37,4,4,4,Champions
15061,3,127,126389.02,4,4,4,Champions
16029,38,107,117763.62,3,4,4,Loyal
17949,0,118,117314.08,4,4,4,Champions
15311,0,208,114966.42,4,4,4,Champions
13089,2,203,113416.91,4,4,4,Champions
12931,21,57,92347.34,4,4,4,Champions
14298,7,82,91194.49,4,4,4,Champions
15769,6,46,88612.52,4,4,4,Champions
12346,325,12,77556.46,2,4,4,At-Risk
13798,0,110,75428.87,4,4,4,Champions
15838,10,34,73205.5,4,4,4,Champions
17841,1,211,68545.25,4,4,4,Champions
16754,371,29,65500.07,2,4,4,At-Risk
14096,3,17,65164.79,4,4,4,Champions
14088,9,16,64036.8,4,4,4,Champions
16422,16,109,61920.87,4,4,4,Champions
17389,0,61,57215.33,4,4,4,Champions
13081,11,28,56838.37,4,4,4,Champions
16013,3,84,56078.44,4,4,4,Champions
14680,24,58,55688.5,4,4,4,Champions
13093,275,55,54144.25,2,4,4,At-Risk
12748,0,336,53539.64,4,4,4,Champions
17850,371,155,51208.87,2,4,4,At-Risk
13408,1,106,50174.78,4,4,4,Champions
13777,0,61,49638.26,4,4,4,Champions
17404,3,23,47781.12,4,4,4,Champions
13881,3,43,45179.1,4,4,4,Champions
15749,234,3,44534.3,2,3,4,At-Risk
16705,0,42,43515.05,4,4,4,Champions
12471,1,79,39918.19,4,4,4,Champions
15098,181,3,39916.5,2,3,4,At-Risk
15039,9,93,39141.48,4,4,4,Champions
14031,6,44,39019.51,4,4,4,Champions
17675,0,70,37642.48,4,4,4,Champions
17381,8,38,36398.65,4,4,4,Champions
12921,8,74,35233.24,4,4,4,Champions
17677,1,54,35058.46,4,4,4,Champions
12678,41,21,34281.18,3,4,4,Loyal
13902,631,5,34095.26,1,3,4,At-Risk
13767,1,73,33903.57,4,4,4,Champions
16210,1,35,33750.97,4,4,4,Champions
16779,1,53,32809.03,4,4,4,Champions
15856,3,52,32275.95,4,4,4,Champions
14258,8,25,32051.34,4,4,4,Champions
17428,0,45,31466.76,4,4,4,Champions
17940,48,16,30306.79,3,4,4,Loyal
12709,14,34,30291.76,4,4,4,Champions
14606,0,192,29951.37,4,4,4,Champions
12681,14,45,29834.76,4,4,4,Champions
13078,2,57,29018.06,4,4,4,Champions
13098,0,28,28882.44,4,4,4,Champions
17857,3,24,27347.04,4,4,4,Champions
14527,2,122,27246.88,4,4,4,Champions
16333,7,22,26626.8,4,4,4,Champions
15513,32,35,26437.05,3,4,4,Loyal
17865,30,46,26312.19,3,4,4,Loyal
18251,86,9,26278.86,3,4,4,Loyal
13802,138,19,26259.11,2,4,4,At-Risk
12731,23,17,25775.71,4,4,4,Champions
14062,9,24,25585.65,4,4,4,Champions
12744,51,11,25317.06,3,4,4,Loyal
12939,63,20,25264.8,3,4,4,Loyal
14895,7,38,25119.54,4,4,4,Champions
15498,2,44,24972.86,4,4,4,Champions
12621,1,35,24311.2,4,4,4,Champions
16525,1,48,24151.3,4,4,4,Champions
13001,3,33,24042.65,4,4,4,Champions
14607,15,22,23763.13,4,4,4,Champions
12482,575,29,23691.4,1,4,4,At-Risk
17920,3,54,23581.78,4,4,4,Champions
15640,3,29,23494.31,4,4,4,Champions
12409,78,7,23419.29,3,4,4,Loyal
16133,3,56,22992.26,4,4,4,Champions
12682,3,52,22950.22,4,4,4,Champions
14063,437,9,22710.2,1,4,4,At-Risk
12540,19,33,22254.49,4,4,4,Champions
15159,1,34,22116.73,4,4,4,Champions
13340,44,12,22100.56,3,4,4,Loyal
14051,0,37,21770.98,4,4,4,Champions
16839,8,44,21758.25,4,4,4,Champions
12753,22,6,21429.39,4,3,4,Loyal
15615,9,47,21373.97,4,4,4,Champions
13319,4,58,21323.22,4,4,4,Champions
14866,10,19,20746.54,4,4,4,Champions
14667,10,54,20395.34,4,4,4,Champions
15251,8,21,20324.54,4,4,4,Champions
12477,22,9,20276.37,4,4,4,Champions
17706,3,31,20272.15,4,4,4,Champions
17243,0,69,20203.58,4,4,4,Champions
18008,69,23,19759.08,3,4,4,Loyal
17340,29,18,19617.95,3,4,4,Loyal
16843,42,35,19571.43,3,4,4,Loyal
17139,15,25,19566.76,4,4,4,Champions
14194,4,36,18670.59,4,4,4,Champions
12357,32,3,18287.66,3,3,4,Loyal
13113,0,37,18230.07,4,4,4,Champions
12557,15,8,18096.14,4,4,4,Champions
16746,4,42,18046.75,4,4,4,Champions
17581,0,43,17951.17,4,4,4,Champions
12901,8,28,17654.54,4,4,4,Champions
17377,23,78,17644.27,4,4,4,Champions
14952,59,32,17629.35,3,4,4,Loyal
16652,58,16,17550.39,3,4,4,Loyal
15189,0,46,17524.38,4,4,4,Champions
18172,14,52,17467.24,4,4,4,Champions
16019,46,27,17329.16,3,4,4,Loyal
17416,29,22,17298.45,3,4,4,Loyal
15078,6,53,17286.73,4,4,4,Champions
15523,83,16,17259.19,3,4,4,Loyal
13027,113,19,17239.2,2,4,4,At-Risk
14277,14,9,17197.61,4,4,4,Champions
15808,305,21,17180.25,2,4,4,At-Risk
15125,24,24,17024.87,4,4,4,Champions
12647,21,36,16955.55,4,4,4,Champions
16656,21,30,16833.17,4,4,4,Champions
12433,0,10,16794.14,4,4,4,Champions
17735,1,26,16790.33,4,4,4,Champions
12454,55,5,16679.78,3,3,4,Loyal
16553,162,33,16584.01,2,4,4,At-Risk
13564,143,37,16498.97,2,4,4,At-Risk
15358,4,42,16425.86,4,4,4,Champions
14961,10,22,16410.15,4,4,4,Champions
13225,2,16,16260.07,4,4,4,Champions
16180,99,13,16249.87,2,4,4,At-Risk
12472,31,19,16249.29,3,4,4,Loyal
12980,157,21,16245.78,2,4,4,At-Risk
17107,32,10,16052.72,3,4,4,Loyal
15044,18,35,16024.15,4,4,4,Champions
13199,3,67,15964.21,4,4,4,Champions
17716,22,24,15956.97,4,4,4,Champions
12971,3,116,15704.6,4,4,4,Champions
16191,2,24,15677.82,4,4,4,Champions
12949,30,22,15526.7,3,4,4,Loyal
14769,2,17,15514.11,4,4,4,Champions
14849,21,43,15407.61,4,4,4,Champions
15768,115,34,15308.89,2,4,4,At-Risk
18087,97,17,14761.52,2,4,4,At-Risk
18092,1,18,14693.72,4,4,4,Champions
16126,28,15,14644.6,3,4,4,Loyal
17133,15,12,14622.33,4,4,4,Champions
16873,4,12,14617.39,4,4,4,Champions
14543,28,39,14587.87,3,4,4,Loyal
17448,496,46,14523.67,1,4,4,At-Risk
15482,15,19,14417.36,4,4,4,Champions
14733,15,15,14335.15,4,4,4,Champions
13488,16,23,14205.96,4,4,4,Champions
15601,10,30,14191.74,4,4,4,Champions
16713,18,32,14115.56,4,4,4,Champions
12714,8,12,14093.71,4,4,4,Champions
12476,15,23,14083.91,4,4,4,Champions
14299,7,27,14070.25,4,4,4,Champions
13178,25,21,14059.19,4,4,4,Champions
18223,4,26,14000.85,4,4,4,Champions
12435,79,6,13925.93,3,3,4,Loyal
15760,630,2,13916.34,1,2,4,Lost
17589,59,18,13837.94,3,4,4,Loyal
15005,15,56,13754.58,4,4,4,Champions
15382,14,12,13733.55,4,4,4,Champions
15093,17,23,13702.38,4,4,4,Champions
12583,2,27,13591.58,4,4,4,Champions
12989,2,33,13551.75,4,4,4,Champions
15291,25,40,13517.76,4,4,4,Champions
13629,22,19,13370.86,4,4,4,Champions
13097,32,28,13324.1,3,4,4,Loyal
16558,0,38,13304.11,4,4,4,Champions
16923,11,32,13157.13,4,4,4,Champions
13090,8,24,13091.74,4,4,4,Champions
15738,18,41,13043.32,4,4,4,Champions
14049,16,13,13023.4,4,4,4,Champions
18225,2,26,13014.8,4,4,4,Champions
15502,15,14,13003.87,4,4,4,Champions
14110,3,33,12987.95,4,4,4,Champions
13969,6,35,12973.46,4,4,4,Champions
13668,2,35,12948.48,4,4,4,Champions
13316,36,10,12940.82,3,4,4,Loyal
13952,217,14,12823.52,2,4,4,At-Risk
13468,1,72,12793.28,4,4,4,Champions
16549,9,34,12781.8,4,4,4,Champions
12437,1,39,12683.4,4,4,4,Champions
12451,10,8,12669.88,4,4,4,Champions
12536,42,3,12601.83,3,3,4,Loyal
16161,1,43,12580.06,4,4,4,Champions
17017,2,29,12576.99,4,4,4,Champions
14040,40,35,12523.81,3,4,4,Loyal
17858,5,30,12518.65,4,4,4,Champions
14936,33,12,12410.81,3,4,4,Loyal
16000,2,3,12393.7,4,3,4,Loyal
12474,16,31,12372.75,4,4,4,Champions
14735,3,56,12240.16,4,4,4,Champions
12481,22,15,12185.51,4,4,4,Champions
15144,7,29,12160.31,4,4,4,Champions
15465,19,32,12100.4,4,4,4,Champions
15194,2,28,12021.53,4,4,4,Champions
13050,14,35,11986.52,4,4,4,Champions
14415,0,23,11980.09,4,4,4,Champions
17364,0,28,11972.92,4,4,4,Champions
17044,24,12,11962.3,4,4,4,Champions
13458,6,16,11959.27,4,4,4,Champions
13854,8,39,11944.56,4,4,4,Champions
16258,44,15,11942.52,3,4,4,Loyal
16814,13,36,11924.85,4,4,4,Champions
16523,1,28,11916.33,4,4,4,Champions
17338,16,17,11889.33,4,4,4,Champions
13687,437,1,11880.84,1,2,4,Lost
14505,16,19,11879.08,4,4,4,Champions
18226,43,26,11878.88,3,4,4,Loyal
12567,22,15,11767.48,4,4,4,Champions
12705,14,14,11762.1,4,4,4,Champions
14426,23,17,11727.94,4,4,4,Champions
13004,11,36,11650.85,4,4,4,Champions
12683,3,21,11633.7,4,4,4,Champions
15023,2,20,11578.65,4,4,4,Champions
14739,3,25,11573.62,4,4,4,Champions
13418,11,31,11559.66,4,4,4,Champions
15218,10,22,11468.83,4,4,4,Champions
13680,0,12,11419.67,4,4,4,Champions
14016,161,11,11403.41,2,4,4,At-Risk
12668,11,10,11383.03,4,4,4,Champions
13102,0,37,11380.1,4,4,4,Champions
15874,63,21,11284.76,3,4,4,Loyal
15555,11,36,11243.91,4,4,4,Champions
12539,21,7,11214.75,4,4,4,Champions
13576,9,28,11202.59,4,4,4,Champions
12524,8,17,11126.11,4,4,4,Champions
14134,382,15,11123.35,1,4,4,At-Risk
13013,0,29,11097.43,4,4,4,Champions
15032,255,8,11010.05,2,4,4,At-Risk
14045,108,16,10986.63,2,4,4,At-Risk
12918,625,1,10953.5,1,2,4,Lost
16985,16,23,10923.16,4,4,4,Champions
18052,564,1,10877.18,1,2,4,Lost
16033,5,27,10608.81,4,4,4,Champions
13324,35,18,10513.47,3,4,4,Loyal
15290,4,26,10496.28,4,4,4,Champions
12431,35,27,10432.22,3,4,4,Loyal
14028,549,3,10396.5,1,3,4,At-Risk
16168,10,66,10360.67,4,4,4,Champions
16984,87,9,10350.53,3,4,4,Loyal
15296,50,12,10323.03,3,4,4,Loyal
14422,0,19,10271.52,4,4,4,Champions
17160,30,17,10209.16,3,4,4,Loyal
15719,32,31,10195.97,3,4,4,Loyal
14796,0,27,10169.33,4,4,4,Champions
16327,13,16,10159.64,4,4,4,Champions
18229,11,28,10150.51,4,4,4,Champions
15805,22,30,10148.93,4,4,4,Champions
18055,6,14,10142.64,4,4,4,Champions
17809,15,20,10085.89,4,4,4,Champions
15547,6,26,10057.05,4,4,4,Champions
13941,21,15,10027.18,4,4,4,Champions
13985,3,22,10020.86,4,4,4,Champions
15694,0,24,9978.48,4,4,4,Champions
14755,9,25,9972.55,4,4,4,Champions
16182,71,9,9971.65,3,4,4,Loyal
14101,73,13,9961.93,3,4,4,Loyal
16131,51,12,9957.42,3,4,4,Loyal
18260,172,23,9947.26,2,4,4,At-Risk
17049,2,19,9942.53,4,4,4,Champions
16701,8,26,9916.73,4,4,4,Champions
12758,116,7,9903.24,2,4,4,At-Risk
14329,16,15,9887.62,4,4,4,Champions
12590,210,2,9864.26,2,2,4,Lost
14828,196,13,9839.46,2,4,4,At-Risk
12490,4,21,9823.64,4,4,4,Champions
13599,0,33,9811.04,4,4,4,Champions
16353,3,38,9795.46,4,4,4,Champions
14944,29,19,9784.67,3,4,4,Loyal
17306,10,21,9782.35,4,4,4,Champions
13018,15,35,9763.16,4,4,4,Champions
13735,24,13,9762.77,4,4,4,Champions
14085,1,33,9720.67,4,4,4,Champions
12380,21,11,9676.3,4,4,4,Champions
12839,2,26,9669.12,4,4,4,Champions
16782,9,38,9636.12,4,4,4,Champions
17315,1,43,9599.58,4,4,4,Champions
18109,1,38,9555.71,4,4,4,Champions
14091,653,2,9530.08,1,2,4,Lost
17811,3,47,9519.8,4,4,4,Champions
13999,9,29,9502.26,4,4,4,Champions
17504,205,18,9490.17,2,4,4,At-Risk
14146,8,12,9450.3,4,4,4,Champions
14439,319,5,9443.04,2,3,4,At-Risk
13267,2,36,9429.81,4,4,4,Champions
17230,263,18,9388.49,2,4,4,At-Risk
15727,16,15,9371.71,4,4,4,Champions
15981,24,21,9362.77,4,4,4,Champions
13069,0,38,9284.45,4,4,4,Champions
13162,121,16,9275.49,2,4,4,At-Risk
15249,31,18,9266.0,3,4,4,Loyal
14367,7,16,9227.82,4,4,4,Champions
14292,7,16,9226.25,4,4,4,Champions
13327,38,20,9134.48,3,4,4,Loyal
17757,0,56,9074.05,4,4,4,Champions
15298,1,23,9061.77,4,4,4,Champions
15939,89,16,9060.39,3,4,4,Loyal
16709,84,14,9056.01,3,4,4,Loyal
17068,11,47,8987.68,4,4,4,Champions
15150,16,13,8977.94,4,4,4,Champions
15903,9,12,8939.84,4,4,4,Champions
15867,4,31,8923.3,4,4,4,Champions
12766,3,9,8918.99,4,4,4,Champions
12747,1,26,8898.48,4,4,4,Champions
14060,4,30,8898.24,4,4,4,Champions
13555,73,13,8891.84,3,4,4,Loyal
14709,14,25,8886.33,4,4,4,Champions
12359,57,10,8873.39,3,4,4,Loyal
14135,1,24,8839.67,4,4,4,Champions
16700,8,25,8830.77,4,4,4,Champions
16550,108,18,8813.58,2,4,4,At-Risk
15260,99,25,8767.73,2,4,4,At-Risk
16532,17,5,8756.64,4,3,4,Loyal
13448,16,13,8745.93,4,4,4,Champions
15570,6,25,8736.49,4,4,4,Champions
16186,22,26,8718.43,4,4,4,Champions
17576,7,41,8711.95,4,4,4,Champions
12957,9,13,8706.97,4,4,4,Champions
13758,11,15,8698.13,4,4,4,Champions
13263,0,39,8676.2,4,4,4,Champions
15497,17,9,8657.39,4,4,4,Champions
13756,1,23,8655.95,4,4,4,Champions
16945,21,33,8548.16,4,4,4,Champions
15281,58,16,8543.57,3,4,4,Loyal
13269,0,28,8537.32,4,4,4,Champions
15270,15,21,8524.86,4,4,4,Champions
12798,9,4,8510.93,4,3,4,Loyal
13209,29,13,8509.51,3,4,4,Loyal
15786,45,5,8501.62,3,3,4,Loyal
13148,28,26,8497.82,3,4,4,Loyal
14286,23,7,8479.76,4,4,4,Champions
18139,17,6,8438.34,4,3,4,Loyal
13047,31,24,8428.53,3,4,4,Loyal
14160,609,7,8421.47,1,4,4,At-Risk
17396,38,14,8409.6,3,4,4,Loyal
15984,2,30,8393.02,4,4,4,Champions
14676,30,12,8356.79,3,4,4,Loyal
14057,23,22,8346.66,4,4,4,Champions
17611,6,28,8337.53,4,4,4,Champions
13206,399,13,8308.19,1,4,4,At-Risk
12643,127,12,8304.82,2,4,4,At-Risk
17686,6,9,8296.81,4,4,4,Champions
12637,66,12,8283.81,3,4,4,Loyal
15998,36,16,8274.14,3,4,4,Loyal
15034,15,14,8231.2,4,4,4,Champions
13381,31,12,8224.37,3,4,4,Loyal
13139,15,8,8202.98,4,4,4,Champions
16722,16,22,8189.56,4,4,4,Champions
17365,12,15,8184.49,4,4,4,Champions
13426,0,22,8167.38,4,4,4,Champions
13715,280,17,8153.04,2,4,4,At-Risk
14056,0,23,8152.71,4,4,4,Champions
16672,1,20,8134.94,4,4,4,Champions
17593,3,11,8092.32,4,4,4,Champions
15955,23,22,8085.98,4,4,4,Champions
17426,7,13,8077.77,4,4,4,Champions
16767,30,15,8056.76,3,4,4,Loyal
16670,16,20,8030.15,4,4,4,Champions
14525,19,17,8026.54,4,4,4,Champions
18041,11,38,8018.77,4,4,4,Champions
16556,66,17,8012.58,3,4,4,Loyal
13869,122,10,7996.87,2,4,4,At-Risk
13174,15,12,7995.36,4,4,4,Champions
12428,25,9,7956.46,3,4,4,Loyal
16303,25,7,7928.27,3,4,4,Loyal
14291,1,23,7904.1,4,4,4,Champions
13871,22,17,7885.85,4,4,4,Champions
14159,19,20,7860.8,4,4,4,Champions
15622,42,17,7852.61,3,4,4,Loyal
17085,122,28,7847.67,2,4,4,At-Risk
12757,15,13,7834.65,4,4,4,Champions
12867,25,13,7829.26,3,4,4,Loyal
16592,3,28,7807.91,4,4,4,Champions
15544,8,20,7807.89,4,4,4,Champions
14395,1,20,7801.93,4,4,4,Champions
17409,184,10,7793.51,2,4,4,At-Risk
12720,2,30,7787.28,4,4,4,Champions
17730,2,20,7773.8,4,4,4,Champions
17739,11,18,7730.59,4,4,4,Champions
13534,1,35,7720.9,4,4,4,Champions
17696,37,27,7679.59,3,4,4,Loyal
14175,59,8,7678.88,3,4,4,Loyal
13141,84,17,7656.08,3,4,4,Loyal
15046,8,25,7623.79,4,4,4,Champions
14145,46,7,7600.05,3,4,4,Loyal
13373,60,6,7587.19,3,3,4,Loyal
13137,10,16,7586.94,4,4,4,Champions
13709,3,18,7571.35,4,4,4,Champions
14030,17,20,7521.8,4,4,4,Champions
17091,2,19,7495.75,4,4,4,Champions
15179,17,13,7491.92,4,4,4,Champions
15581,120,38,7480.4,2,4,4,At-Risk
13815,21,8,7475.74,4,4,4,Champions
16570,14,20,7434.31,4,4,4,Champions
16242,7,14,7404.65,4,4,4,Champions
17602,1,14,7354.43,4,4,4,Champions
13082,125,21,7335.75,2,4,4,At-Risk
17238,2,32,7331.67,4,4,4,Champions
16253,66,7,7272.2,3,4,4,Loyal
14282,2,25,7250.76,4,4,4,Champions
14092,7,24,7229.45,4,4,4,Champions
14243,8,17,7217.75,4,4,4,Champions
16729,37,21,7205.33,3,4,4,Loyal
14800,47,17,7191.33,3,4,4,Loyal
14688,7,28,7190.42,4,4,4,Champions
16745,86,17,7180.7,3,4,4,Loyal
14841,52,14,7163.0,3,4,4,Loyal
15950,31,10,7120.91,3,4,4,Loyal
15521,39,16,7098.24,3,4,4,Loyal
14113,3,16,7092.61,4,4,4,Champions
13451,25,11,7090.06,3,4,4,Loyal
17231,11,25,7064.8,4,4,4,Champions
17769,12,17,7053.38,4,4,4,Champions
13183,7,15,7036.18,4,4,4,Champions
17965,37,29,7006.65,3,4,4,Loyal
16938,8,9,6995.36,4,4,4,Champions
17690,29,20,6963.8,3,4,4,Loyal
12841,4,40,6958.2,4,4,4,Champions
13552,65,22,6948.92,3,4,4,Loyal
15674,72,13,6948.23,3,4,4,Loyal
16265,8,12,6935.17,4,4,4,Champions
16187,31,15,6911.44,3,4,4,Loyal
15301,50,17,6909.67,3,4,4,Loyal
12749,3,9,6897.36,4,4,4,Champions
16170,50,20,6869.0,3,4,4,Loyal
15129,49,23,6860.18,3,4,4,Loyal
18231,191,28,6854.17,2,4,4,At-Risk
16401,0,23,6849.15,4,4,4,Champions
12613,56,10,6817.37,3,4,4,Loyal
12830,37,6,6814.64,3,3,4,Loyal
16145,8,19,6805.44,4,4,4,Champions
15413,691,5,6798.72,1,3,4,At-Risk
12417,2,20,6797.41,4,4,4,Champions
14401,3,22,6795.9,4,4,4,Champions
13993,42,19,6775.71,3,4,4,Loyal
13983,29,21,6753.89,3,4,4,Loyal
12662,0,20,6726.54,4,4,4,Champions
12712,28,21,6723.03,3,4,4,Loyal
15321,70,12,6709.73,3,4,4,Loyal
14844,63,10,6702.43,3,4,4,Loyal
17975,14,24,6696.33,4,4,4,Champions
13734,508,4,6695.69,1,3,4,At-Risk
16497,49,23,6695.28,3,4,4,Loyal
13384,30,11,6680.83,3,4,4,Loyal
17700,16,14,6679.97,4,4,4,Champions
14461,147,13,6676.91,2,4,4,At-Risk
16717,23,14,6663.68,4,4,4,Champions
17001,0,19,6640.8,4,4,4,Champions
13953,6,12,6640.68,4,4,4,Champions
14562,3,26,6638.15,4,4,4,Champions
13394,1,19,6621.7,4,4,4,Champions
12626,22,9,6620.48,4,4,4,Champions
13520,58,11,6606.0,3,4,4,Loyal
13831,15,18,6585.54,4,4,4,Champions
12843,65,30,6583.36,3,4,4,Loyal
13015,52,11,6579.78,3,4,4,Loyal
13883,10,15,6560.02,4,4,4,Champions
12836,58,15,6559.73,3,4,4,Loyal
15980,88,7,6543.68,3,4,4,Loyal
14855,118,7,6520.3,2,4,4,At-Risk
14221,41,17,6517.49,3,4,4,Loyal
12823,74,18,6501.5,3,4,4,Loyal
13317,65,19,6486.09,3,4,4,Loyal
12779,37,14,6474.11,3,4,4,Loyal
14154,238,8,6460.7,2,4,4,At-Risk
15750,2,18,6452.99,4,4,4,Champions
16940,51,8,6427.66,3,4,4,Loyal
16655,17,13,6423.26,4,4,4,Champions
12656,16,8,6407.83,4,4,4,Champions
15514,11,18,6392.06,4,4,4,Champions
18094,81,13,6391.52,3,4,4,Loyal
12406,21,5,6390.36,4,3,4,Loyal
14388,9,16,6388.2,4,4,4,Champions
14766,7,11,6375.73,4,4,4,Champions
12356,22,6,6371.73,4,3,4,Loyal
14702,0,29,6368.78,4,4,4,Champions
14227,25,15,6368.71,3,4,4,Loyal
12484,32,12,6354.1,3,4,4,Loyal
13590,10,18,6336.04,4,4,4,Champions
18245,6,20,6324.98,4,4,4,Champions
13654,42,11,6308.0,3,4,4,Loyal
12913,4,13,6283.24,4,4,4,Champions
15480,115,5,6279.0,2,3,4,At-Risk
13136,55,13,6274.56,3,4,4,Loyal
13615,318,8,6272.53,2,4,4,At-Risk
17873,79,18,6265.33,3,4,4,Loyal
14004,42,11,6258.45,3,4,4,Loyal
15369,491,11,6251.26,1,4,4,At-Risk
12497,81,3,6248.5,3,3,4,Loyal
17799,21,20,6246.93,4,4,4,Champions
18118,10,29,6221.02,4,4,4,Champions
16735,78,14,6217.41,3,4,4,Loyal
12429,8,8,6204.41,4,4,4,Champions
15673,87,9,6204.32,3,4,4,Loyal
13334,81,5,6201.8,3,3,4,Loyal
16103,6,22,6191.71,4,4,4,Champions
16156,8,20,6188.18,4,4,4,Champions
14534,2,26,6187.66,4,4,4,Champions
15299,66,10,6156.53,3,4,4,Loyal
14390,9,13,6150.03,4,4,4,Champions
17669,42,10,6142.35,3,4,4,Loyal
13266,10,19,6135.04,4,4,4,Champions
14852,57,18,6132.43,3,4,4,Loyal
17419,10,18,6126.25,4,4,4,Champions
13230,3,30,6120.01,4,4,4,Champions
14180,10,33,6117.5,4,4,4,Champions
13935,596,3,6116.92,1,3,4,At-Risk
14560,6,44,6114.03,4,4,4,Champions
18178,128,11,6103.74,2,4,4,At-Risk
14530,25,16,6088.87,4,4,4,Champions
18061,21,28,6083.81,4,4,4,Champions
17509,57,8,6083.64,3,4,4,Loyal
16954,0,20,6081.88,4,4,4,Champions
12664,7,11,6070.04,4,4,4,Champions
17644,0,20,6028.6,4,4,4,Champions
13658,9,9,6025.5,4,4,4,Champions
17819,71,12,6021.05,3,4,4,Loyal
15372,136,8,6017.06,2,4,4,At-Risk
15202,419,3,6001.49,1,3,4,At-Risk
16456,98,13,6000.94,2,4,4,At-Risk
12835,427,41,5996.83,1,4,4,At-Risk
15755,9,17,5993.12,4,4,4,Champions
14105,238,5,5988.83,2,3,4,At-Risk
17457,126,14,5984.81,2,4,4,At-Risk
14440,7,13,5982.03,4,4,4,Champions
17625,17,8,5978.9,4,4,4,Champions
14535,59,9,5973.23,3,4,4,Loyal
15785,32,16,5969.93,3,4,4,Loyal
14918,115,9,5955.81,2,4,4,At-Risk
12500,22,19,5955.21,4,4,4,Champions
14257,63,9,5954.45,3,4,4,Loyal
16710,18,22,5921.35,4,4,4,Champions
15971,17,18,5902.83,4,4,4,Champions
12455,72,10,5879.95,3,4,4,Loyal
18065,5,29,5866.63,4,4,4,Champions
17146,105,13,5852.64,2,4,4,At-Risk
14112,22,13,5834.59,4,4,4,Champions
12910,22,13,5796.52,4,4,4,Champions
18075,22,20,5783.29,4,4,4,Champions
17672,49,7,5778.63,3,4,4,Loyal
14099,15,20,5750.91,4,4,4,Champions
16316,63,13,5744.91,3,4,4,Loyal
12615,1,8,5740.98,4,4,4,Champions
13771,63,9,5728.82,3,4,4,Loyal
13870,1,15,5712.08,4,4,4,Champions
16607,17,25,5706.87,4,4,4,Champions
17651,11,16,5703.52,4,4,4,Champions
16279,20,9,5698.28,4,4,4,Champions
16458,2,30,5690.89,4,4,4,Champions
13157,48,9,5687.36,3,4,4,Loyal
12727,10,10,5679.53,4,4,4,Champions
12633,58,7,5678.16,3,4,4,Loyal
13901,71,15,5676.34,3,4,4,Loyal
17491,0,17,5653.67,4,4,4,Champions
16409,35,12,5652.74,3,4,4,Loyal
13722,131,10,5635.41,2,4,4,At-Risk
16320,171,6,5628.99,2,3,4,At-Risk
16003,29,10,5613.83,3,4,4,Loyal
18145,12,11,5609.74,4,4,4,Champions
16200,3,12,5608.1,4,4,4,Champions
17838,26,13,5604.64,3,4,4,Loyal
16011,7,29,5601.01,4,4,4,Champions
15228,65,6,5580.27,3,3,4,Loyal
15854,3,21,5578.28,4,4,4,Champions
17203,35,10,5564.09,3,4,4,Loyal
14210,105,16,5556.57,2,4,4,At-Risk
15527,18,23,5554.89,4,4,4,Champions
14907,2,16,5547.72,4,4,4,Champions
14572,2,11,5526.88,4,4,4,Champions
17069,27,14,5517.23,3,4,4,Loyal
14732,7,19,5517.07,4,4,4,Champions
17092,49,11,5511.41,3,4,4,Loyal
17204,174,9,5504.69,2,4,4,At-Risk
14189,1,16,5503.15,4,4,4,Champions
13115,11,10,5494.7,4,4,4,Champions
16609,14,7,5493.46,4,4,4,Champions
13593,107,14,5493.29,2,4,4,At-Risk
13769,1,20,5478.12,4,4,4,Champions
16992,10,13,5476.5,4,4,4,Champions
17512,28,18,5467.82,3,4,4,Loyal
12480,27,7,5464.85,3,4,4,Loyal
17685,16,12,5454.95,4,4,4,Champions
18198,3,17,5425.56,4,4,4,Champions
12378,129,2,5416.32,2,2,4,Lost
14626,23,11,5410.92,4,4,4,Champions
14249,410,12,5400.46,1,4,4,At-Risk
17719,37,15,5396.04,3,4,4,Loyal
17612,52,18,5394.86,3,4,4,Loyal
13362,8,7,5394.07,4,4,4,Champions
13014,10,11,5381.08,4,4,4,Champions
14459,154,2,5375.74,2,2,4,Lost
14442,204,7,5367.02,2,4,4,At-Risk
17863,58,12,5360.48,3,4,4,Loyal
12362,2,11,5356.23,4,4,4,Champions
15641,104,12,5345.55,2,4,4,At-Risk
16008,23,15,5339.13,4,4,4,Champions
15628,4,17,5333.08,4,4,4,Champions
13842,58,18,5319.34,3,4,4,Loyal
17584,6,6,5309.42,4,3,4,Loyal
16546,290,5,5307.07,2,3,4,At-Risk
16393,1,23,5297.77,4,4,4,Champions
15394,9,11,5286.8,4,4,4,Champions
15152,9,14,5263.83,4,4,4,Champions
13931,95,11,5257.38,3,4,4,Loyal
13975,30,12,5256.4,3,4,4,Loyal
13107,43,9,5253.07,3,4,4,Loyal
14930,108,6,5236.73,2,3,4,At-Risk
12755,280,11,5236.26,2,4,4,At-Risk
15722,35,11,5234.0,3,4,4,Loyal
17061,73,11,5232.23,3,4,4,Loyal
12422,95,17,5231.8,3,4,4,Loyal
15606,60,17,5230.99,3,4,4,Loyal
13763,62,3,5217.44,3,3,4,Loyal
15812,106,12,5201.47,2,4,4,At-Risk
14546,4,11,5184.84,4,4,4,Champions
12510,142,9,5178.02,2,4,4,At-Risk
17663,25,17,5175.83,4,4,4,Champions
15796,0,17,5171.63,4,4,4,Champions
12625,211,4,5164.88,2,3,4,At-Risk
17157,7,19,5151.9,4,4,4,Champions
16153,49,11,5133.49,3,4,4,Loyal
16308,37,7,5120.0,3,4,4,Loyal
12708,29,18,5117.66,3,4,4,Loyal
14713,8,21,5115.76,4,4,4,Champions
15443,1,14,5114.23,4,4,4,Champions
12483,16,19,5097.18,4,4,4,Champions
12594,37,15,5090.11,3,4,4,Loyal
17861,2,18,5088.29,4,4,4,Champions
14493,6,10,5087.86,4,4,4,Champions
15367,56,11,5081.33,3,4,4,Loyal
12432,42,5,5059.32,3,3,4,Loyal
17469,15,17,5051.25,4,4,4,Champions
13634,32,16,5033.77,3,4,4,Loyal
16931,4,23,5032.22,4,4,4,Champions
12759,51,8,5020.74,3,4,4,Loyal
12444,20,5,5005.46,4,3,4,Loyal
17084,34,3,5001.21,3,3,4,Loyal
17346,3,26,4998.61,4,4,4,Champions
15898,0,25,4996.45,4,4,4,Champions
14209,10,15,4993.27,4,4,4,Champions
14639,51,9,4978.96,3,4,4,Loyal
13198,9,8,4974.23,4,4,4,Champions
12600,28,21,4967.42,3,4,4,Loyal
12562,7,9,4966.92,4,4,4,Champions
17758,18,12,4964.03,4,4,4,Champions
17802,81,10,4946.22,3,4,4,Loyal
12700,7,4,4939.99,4,3,4,Loyal
12347,1,8,4921.53,4,4,4,Champions
14970,67,12,4919.35,3,4,4,Loyal
16919,155,24,4909.66,2,4,4,At-Risk
17314,24,17,4904.43,4,4,4,Champions
18144,7,19,4892.95,4,4,4,Champions
15332,365,6,4892.68,2,3,4,At-Risk
16986,29,11,4888.75,3,4,4,Loyal
13021,3,17,4887.24,4,4,4,Champions
13659,205,12,4884.68,2,4,4,At-Risk
16686,46,16,4881.07,3,4,4,Loyal
15379,168,8,4877.84,2,4,4,At-Risk
14107,51,11,4877.3,3,4,4,Loyal
12688,113,1,4873.81,2,2,4,Lost
17213,39,13,4869.4,3,4,4,Loyal
17449,1,13,4868.15,4,4,4,Champions
17652,24,12,4867.72,4,4,4,Champions
14081,301,10,4867.57,2,4,4,At-Risk
17059,29,9,4864.57,3,4,4,Loyal
13495,7,10,4863.31,4,4,4,Champions
13044,290,11,4848.05,2,4,4,At-Risk
13562,81,8,4838.18,3,4,4,Loyal
17567,6,9,4838.08,4,4,4,Champions
12449,21,6,4835.89,4,3,4,Loyal
14191,1,15,4817.66,4,4,4,Champions
13875,53,14,4814.37,3,4,4,Loyal
15485,29,7,4810.92,3,4,4,Loyal
13329,31,8,4808.77,3,4,4,Loyal
15529,22,12,4783.66,4,4,4,Champions
15187,1,16,4777.18,4,4,4,Champions
17519,16,15,4774.17,4,4,4,Champions
13988,19,8,4757.8,4,4,4,Champions
12955,0,11,4757.16,4,4,4,Champions
17829,298,5,4756.74,2,3,4,At-Risk
14825,3,24,4735.08,4,4,4,Champions
17082,32,6,4732.03,3,3,4,Loyal
16326,5,24,4721.25,4,4,4,Champions
12395,18,15,4721.17,4,4,4,Champions
14235,74,9,4717.99,3,4,4,Loyal
13958,379,8,4709.23,2,4,4,At-Risk
16905,4,17,4706.77,4,4,4,Champions
12589,28,8,4695.66,3,4,4,Loyal
15410,83,10,4685.72,3,4,4,Loyal
16904,3,21,4675.36,4,4,4,Champions
13971,18,14,4667.57,4,4,4,Champions
15123,6,5,4656.17,4,3,4,Loyal
15484,0,6,4652.1,4,3,4,Loyal
17050,95,11,4648.59,2,4,4,At-Risk
12578,20,4,4642.45,4,3,4,Loyal
13124,89,4,4641.66,3,3,4,Loyal
17402,4,23,4635.56,4,4,4,Champions
18097,7,11,4627.92,4,4,4,Champions
17400,125,8,4623.28,2,4,4,At-Risk
17442,36,15,4620.3,3,4,4,Loyal
12782,4,11,4618.24,4,4,4,Champions
14441,0,11,4611.69,4,4,4,Champions
15245,133,8,4610.84,2,4,4,At-Risk
12553,7,12,4608.75,4,4,4,Champions
13851,95,8,4606.46,2,4,4,At-Risk
18257,38,12,4600.15,3,4,4,Loyal
17188,10,13,4592.93,4,4,4,Champions
17508,280,8,4579.23,2,4,4,At-Risk
15416,64,7,4572.82,3,4,4,Loyal
13510,0,11,4558.29,4,4,4,Champions
15365,25,13,4557.13,3,4,4,Loyal
16143,2,12,4555.08,4,4,4,Champions
14032,1,16,4546.41,4,4,4,Champions
17613,22,14,4544.55,4,4,4,Champions
13527,33,12,4541.29,3,4,4,Loyal
13571,12,26,4537.26,4,4,4,Champions
14685,575,8,4536.64,1,4,4,At-Risk
13523,32,6,4534.57,3,3,4,Loyal
12598,9,11,4534.09,4,4,4,Champions
16255,16,15,4530.0,4,4,4,Champions
15271,6,24,4528.54,4,4,4,Champions
14290,10,8,4516.56,4,4,4,Champions
17308,392,2,4511.76,1,2,4,Lost
15764,87,8,4503.08,3,4,4,Loyal
14625,195,11,4497.88,2,4,4,At-Risk
17596,22,13,4491.46,4,4,4,Champions
15122,113,11,4487.27,2,4,4,At-Risk
14701,10,15,4487.11,4,4,4,Champions
18064,132,11,4481.83,2,4,4,At-Risk
12916,138,7,4479.73,2,4,4,At-Risk
12627,10,7,4478.53,4,4,4,Champions
13491,51,27,4467.66,3,4,4,Loyal
14648,415,15,4466.65,1,4,4,At-Risk
18069,25,11,4464.92,3,4,4,Loyal
16912,28,15,4460.51,3,4,4,Loyal
15240,44,12,4459.98,3,4,4,Loyal
17220,23,21,4457.31,4,4,4,Champions
18093,92,8,4452.71,3,4,4,Loyal
14341,44,18,4452.02,3,4,4,Loyal
17754,0,13,4451.22,4,4,4,Champions
13435,4,9,4447.33,4,4,4,Champions
12349,18,4,4428.69,4,3,4,Loyal
15845,17,11,4426.28,4,4,4,Champions
17138,275,7,4417.27,2,4,4,At-Risk
16626,0,17,4413.1,4,4,4,Champions
16563,53,6,4412.56,3,3,4,Loyal
14211,52,18,4402.29,3,4,4,Loyal
15203,25,15,4400.18,3,4,4,Loyal
13505,72,4,4393.63,3,3,4,Loyal
16732,31,4,4387.64,3,3,4,Loyal
18272,2,9,4385.98,4,4,4,Champions
14514,60,9,4380.04,3,4,4,Loyal
16118,652,1,4376.25,1,2,4,Lost
15861,11,12,4369.2,4,4,4,Champions
13297,7,7,4368.62,4,4,4,Champions
12752,80,1,4366.78,3,2,4,New / Promising
12917,127,6,4359.2,2,3,4,At-Risk
12523,18,23,4352.35,4,4,4,Champions
16283,5,8,4350.32,4,4,4,Champions
17372,40,28,4347.31,3,4,4,Loyal
12408,32,8,4340.77,3,4,4,Loyal
15633,508,13,4335.96,1,4,4,At-Risk
14334,16,12,4318.48,4,4,4,Champions
12370,50,7,4316.56,3,4,4,Loyal
17191,27,15,4310.34,3,4,4,Loyal
14482,17,12,4306.72,4,4,4,Champions
12928,34,12,4304.89,3,4,4,Loyal
14854,77,11,4303.06,3,4,4,Loyal
17937,8,7,4301.22,4,4,4,Champions
13880,20,17,4293.86,4,4,4,Champions
16858,368,10,4292.59,2,4,4,At-Risk
16125,366,14,4292.35,2,4,4,At-Risk
18230,8,9,4291.06,4,4,4,Champions
14307,88,10,4287.92,3,4,4,Loyal
16293,21,15,4279.2,4,4,4,Champions
16081,55,8,4278.96,3,4,4,Loyal
17930,35,13,4275.22,3,4,4,Loyal
14466,28,13,4267.15,3,4,4,Loyal
14239,42,21,4263.17,3,4,4,Loyal
12360,51,8,4252.89,3,4,4,Loyal
16571,26,10,4248.74,3,4,4,Loyal
12935,1,15,4243.86,4,4,4,Champions
17728,3,5,4238.76,4,3,4,Loyal
13911,56,20,4234.99,3,4,4,Loyal
16875,66,11,4234.53,3,4,4,Loyal
16712,8,13,4232.87,4,4,4,Champions
14001,45,9,4228.85,3,4,4,Loyal
17412,2,16,4220.22,4,4,4,Champions
16743,28,14,4212.15,3,4,4,Loyal
15804,0,13,4206.39,4,4,4,Champions
18079,44,5,4203.93,3,3,4,Loyal
15518,63,15,4189.99,3,4,4,Loyal
17406,332,13,4186.95,2,4,4,At-Risk
14868,2,12,4184.01,4,4,4,Champions
17738,18,13,4183.56,4,4,4,Champions
18287,42,7,4182.99,3,4,4,Loyal
16072,287,4,4180.09,2,3,4,At-Risk
17673,1,13,4173.88,4,4,4,Champions
18194,81,6,4162.04,3,3,4,Loyal
14740,196,11,4161.06,2,4,4,At-Risk
12653,148,3,4160.83,2,3,4,At-Risk
13461,38,6,4160.0,3,3,4,Loyal
16749,590,2,4157.88,1,2,4,Lost
16209,88,9,4146.78,3,4,4,Loyal
15002,115,9,4138.08,2,4,4,At-Risk
12569,1,32,4124.69,4,4,4,Champions
15493,32,9,4121.68,3,4,4,Loyal
13450,26,13,4120.04,3,4,4,Loyal
14408,10,11,4102.27,4,4,4,Champions
16477,63,11,4094.37,3,4,4,Loyal
14566,110,4,4092.0,2,3,4,At-Risk
15050,24,5,4087.19,4,3,4,Loyal
12876,57,4,4081.79,3,3,4,Loyal
18077,7,18,4078.79,4,4,4,Champions
14878,12,25,4076.5,4,4,4,Champions
14913,35,8,4073.13,3,4,4,Loyal
12371,44,5,4067.38,3,3,4,Loyal
17682,9,11,4065.28,4,4,4,Champions
13421,39,8,4058.75,3,4,4,Loyal
14025,464,8,4057.9,1,4,4,At-Risk
17083,108,9,4049.79,2,4,4,At-Risk
13048,13,9,4049.13,4,4,4,Champions
12840,143,7,4041.97,2,4,4,At-Risk
15680,8,10,4028.69,4,4,4,Champions
14824,9,10,4022.91,4,4,4,Champions
12726,27,11,4014.6,3,4,4,Loyal
15782,9,4,4014.1,4,3,4,Loyal
12721,31,8,4013.08,3,4,4,Loyal
16098,87,14,4010.7,3,4,4,Loyal
13895,27,6,4008.52,3,3,4,Loyal
16841,36,12,4006.06,3,4,4,Loyal
16150,42,10,4002.17,3,4,4,Loyal
17618,5,11,4001.64,4,4,4,Champions
17307,394,11,3999.89,1,4,4,At-Risk
16455,63,11,3995.57,3,4,4,Loyal
16241,9,16,3992.86,4,4,4,Champions
15665,167,5,3987.07,2,3,4,At-Risk
14547,3,8,3974.75,4,4,4,Champions
16218,29,13,3968.67,3,4,4,Loyal
14047,8,14,3968.11,4,4,4,Champions
15572,4,10,3965.2,4,4,4,Champions
14817,199,7,3959.86,2,4,4,At-Risk
13542,376,17,3959.49,2,4,4,At-Risk
16791,28,15,3957.63,3,4,4,Loyal
13982,38,9,3954.29,3,4,4,Loyal
17667,65,9,3950.7,3,4,4,Loyal
16771,32,10,3949.6,3,4,4,Loyal
18259,24,7,3941.9,4,4,4,Champions
17526,4,12,3939.24,4,4,4,Champions
15819,48,10,3934.79,3,4,4,Loyal
12473,28,5,3928.05,3,3,4,Loyal
15051,22,9,3926.91,4,4,4,Champions
14465,246,11,3925.85,2,4,4,At-Risk
15752,39,9,3924.91,3,4,4,Loyal
13037,137,12,3914.95,2,4,4,At-Risk
12853,134,11,3907.5,2,4,4,At-Risk
13995,14,14,3902.01,4,4,4,Champions
12388,15,8,3901.11,4,4,4,Champions
14498,42,10,3900.83,3,4,4,Loyal
17646,218,12,3898.79,2,4,4,At-Risk
16928,79,29,3897.53,3,4,4,Loyal
15571,11,14,3892.35,4,4,4,Champions
17218,3,18,3891.39,4,4,4,Champions
15708,40,9,3887.15,3,4,4,Loyal
12358,1,5,3887.07,4,3,4,Loyal
15823,371,3,3882.17,2,3,4,At-Risk
13446,429,11,3881.89,1,4,4,At-Risk
15696,32,13,3881.22,3,4,4,Loyal
14655,7,7,3878.51,4,4,4,Champions
15067,77,5,3862.88,3,3,4,Loyal
15195,2,1,3861.0,4,2,4,New / Promising
18073,113,12,3859.82,2,4,4,At-Risk
14565,95,5,3859.22,2,3,4,At-Risk
16440,7,6,3856.97,4,3,4,Loyal
16057,15,10,3854.85,4,4,4,Champions
13213,56,11,3851.52,3,4,4,Loyal
16341,24,7,3850.79,4,4,4,Champions
14532,235,11,3845.78,2,4,4,At-Risk
13481,45,11,3830.84,3,4,4,Loyal
17287,25,21,3826.86,4,4,4,Champions
12597,18,4,3811.22,4,3,4,Loyal
13357,256,5,3805.51,2,3,4,At-Risk
15421,58,10,3805.34,3,4,4,Loyal
17954,4,19,3804.38,4,4,4,Champions
16636,437,4,3802.04,1,3,4,At-Risk
16128,17,11,3801.05,4,4,4,Champions
17071,27,13,3793.71,3,4,4,Loyal
12619,15,10,3781.38,4,4,4,Champions
14309,7,11,3780.81,4,4,4,Champions
13126,4,13,3774.81,4,4,4,Champions
17211,26,13,3773.35,3,4,4,Loyal
16466,33,15,3767.09,3,4,4,Loyal
17173,4,8,3766.6,4,4,4,Champions
15834,69,7,3764.39,3,4,4,Loyal
12670,9,7,3760.29,4,4,4,Champions
12530,59,9,3759.26,3,4,4,Loyal
17553,129,4,3757.6,2,3,4,At-Risk
17293,7,17,3750.63,4,4,4,Champions
12623,275,7,3747.84,2,4,4,At-Risk
15370,40,8,3739.01,3,4,4,Loyal
15532,24,10,3738.85,4,4,4,Champions
15704,139,6,3734.66,2,3,4,At-Risk
14515,17,12,3724.06,4,4,4,Champions
12502,95,5,3723.87,2,3,4,At-Risk
16240,23,2,3718.8,4,2,4,New / Promising
14364,108,8,3717.35,2,4,4,At-Risk
15288,42,10,3715.38,3,4,4,Loyal
12737,498,2,3710.5,1,2,4,Lost
14540,9,11,3709.64,4,4,4,Champions
14776,50,15,3708.3,3,4,4,Loyal
15255,66,9,3706.02,3,4,4,Loyal
15494,20,5,3702.6,4,3,4,Loyal
16772,422,3,3698.05,1,3,4,At-Risk
17096,14,11,3697.93,4,4,4,Champions
16094,11,11,3695.56,4,4,4,Champions
12857,210,6,3688.0,2,3,4,At-Risk
12468,187,5,3670.74,2,3,4,At-Risk
14593,21,12,3665.53,4,4,4,Champions
14744,15,14,3660.08,4,4,4,Champions
14857,59,7,3651.85,3,4,4,Loyal
14649,4,9,3651.19,4,4,4,Champions
14640,23,10,3649.36,4,4,4,Champions
13632,24,8,3645.81,4,4,4,Champions
17063,20,13,3638.53,4,4,4,Champions
14770,231,8,3637.64,2,4,4,At-Risk
16748,17,14,3637.33,4,4,4,Champions
16053,32,6,3634.84,3,3,4,Loyal
17528,0,8,3628.5,4,4,4,Champions
16444,45,17,3625.88,3,4,4,Loyal
15079,212,11,3625.4,2,4,4,At-Risk
13305,3,16,3616.41,4,4,4,Champions
16503,106,11,3614.34,2,4,4,At-Risk
15505,52,5,3610.96,3,3,4,Loyal
15791,43,5,3608.34,3,3,4,Loyal
18242,71,8,3605.21,3,4,4,Loyal
15827,72,28,3603.14,3,4,4,Loyal
17019,10,11,3602.29,4,4,4,Champions
13750,53,11,3602.18,3,4,4,Loyal
16325,46,12,3597.5,3,4,4,Loyal
17422,15,11,3594.76,4,4,4,Champions
14653,0,12,3593.06,4,4,4,Champions
17659,16,14,3586.99,4,4,4,Champions
14132,1,11,3586.03,4,4,4,Champions
15569,103,10,3583.45,2,4,4,At-Risk
17679,52,7,3577.61,3,4,4,Loyal
17311,77,6,3566.56,3,3,4,Loyal
15024,9,16,3559.39,4,4,4,Champions
17848,80,30,3559.11,3,4,4,Loyal
14737,3,4,3554.17,4,3,4,Loyal
15858,15,13,3552.41,4,4,4,Champions
15222,318,11,3550.91,2,4,4,At-Risk
14882,26,14,3546.65,3,4,4,Loyal
14503,2,6,3543.26,4,3,4,Loyal
16950,56,10,3541.77,3,4,4,Loyal
12645,33,8,3539.3,3,4,4,Loyal
17722,95,5,3520.22,2,3,4,At-Risk
16395,60,14,3518.41,3,4,4,Loyal
16336,420,4,3517.69,1,3,4,At-Risk
16719,14,14,3513.62,4,4,4,Champions
15113,9,3,3509.43,4,3,4,Loyal
18044,3,18,3505.61,4,4,4,Champions
14934,81,5,3503.5,3,3,4,Loyal
13929,168,11,3494.1,2,4,4,At-Risk
15059,40,19,3491.2,3,4,4,Loyal
16983,12,11,3490.53,4,4,4,Champions
13577,24,11,3489.28,4,4,4,Champions
15811,21,7,3486.15,4,4,4,Champions
15306,63,9,3484.73,3,4,4,Loyal
17597,213,5,3484.09,2,3,4,At-Risk
12631,56,6,3481.57,3,3,4,Loyal
15712,8,12,3472.41,4,4,4,Champions
13849,51,5,3469.3,3,3,4,Loyal
14533,24,11,3466.37,4,4,4,Champions
14837,89,9,3460.32,3,4,4,Loyal
16360,4,6,3450.41,4,3,4,Loyal
13313,21,12,3445.32,4,4,4,Champions
13536,0,7,3444.39,4,4,4,Champions
16347,10,11,3442.96,4,4,4,Champions
15974,38,7,3442.15,3,4,4,Loyal
16208,44,10,3440.45,3,4,4,Loyal
15953,14,18,3440.34,4,4,4,Champions
17725,15,11,3439.08,4,4,4,Champions
12609,77,9,3435.86,3,4,4,Loyal
15676,18,3,3435.76,4,3,4,Loyal
18168,175,16,3435.5,2,4,4,At-Risk
16045,119,8,3434.93,2,4,4,At-Risk
15351,11,10,3430.22,4,4,4,Champions
17913,58,14,3429.29,3,4,4,Loyal
14409,70,9,3427.29,3,4,4,Loyal
12377,314,4,3426.32,2,3,4,At-Risk
17876,399,3,3424.02,1,3,4,At-Risk
16281,71,3,3424.02,3,3,4,Loyal
13437,13,7,3408.06,4,4,4,Champions
13823,18,7,3403.45,4,4,4,Champions
17931,133,14,3402.24,2,4,4,At-Risk
15114,29,12,3400.12,3,4,4,Loyal
16271,2,10,3397.82,4,4,4,Champions
13425,107,5,3390.43,2,3,4,At-Risk
15058,24,16,3387.58,4,4,4,Champions
13979,72,7,3379.93,3,4,4,Loyal
17723,126,7,3378.4,2,4,4,At-Risk
13135,196,2,3371.45,2,2,4,Lost
14898,22,14,3365.95,4,4,4,Champions
13707,266,5,3365.86,2,3,4,At-Risk
13285,22,6,3364.59,4,3,4,Loyal
15538,537,6,3358.4,1,3,4,At-Risk
14608,3,11,3352.94,4,4,4,Champions
18219,2,17,3352.7,4,4,4,Champions
13246,17,11,3351.75,4,4,4,Champions
16818,10,11,3349.57,4,4,4,Champions
17183,7,6,3347.31,4,3,4,Loyal
15265,150,4,3345.64,2,3,4,At-Risk
12424,162,4,3340.03,2,3,4,At-Risk
16351,332,13,3330.03,2,4,4,At-Risk
15065,37,5,3326.86,3,3,4,Loyal
12865,25,4,3323.47,3,3,4,Loyal
13431,66,8,3316.24,3,4,4,Loyal
13824,32,12,3314.76,3,4,4,Loyal
13131,22,7,3313.77,4,4,4,Champions
14217,1,23,3298.59,4,4,4,Champions
13611,88,10,3297.93,3,4,4,Loyal
13031,406,5,3292.84,1,3,4,At-Risk
17768,7,7,3292.73,4,4,4,Champions
16539,2,10,3289.66,4,4,4,Champions
13650,16,10,3288.0,4,4,4,Champions
15632,15,8,3285.31,4,4,4,Champions
14285,20,8,3284.42,4,4,4,Champions
12872,326,12,3283.96,2,4,4,At-Risk
18188,14,6,3280.59,4,3,4,Loyal
15978,76,3,3279.42,3,3,4,Loyal
17774,96,9,3273.83,2,4,4,At-Risk
13291,155,11,3270.79,2,4,4,At-Risk
16067,562,3,3269.11,1,3,4,At-Risk
13214,417,7,3264.23,1,4,4,At-Risk
14064,28,15,3260.24,3,4,4,Loyal
14451,59,12,3258.68,3,4,4,Loyal
17924,11,8,3257.7,4,4,4,Champions
15057,274,5,3255.96,2,3,4,At-Risk
14215,11,9,3250.33,4,4,4,Champions
15380,8,11,3248.96,4,4,4,Champions
12770,210,2,3246.45,2,2,4,Lost
16612,32,9,3245.43,3,4,4,Loyal
15140,51,8,3243.69,3,4,4,Loyal
17353,128,4,3242.0,2,3,4,At-Risk
15356,30,13,3239.57,3,4,4,Loyal
15625,103,9,3236.4,2,4,4,At-Risk
12963,7,12,3235.79,4,4,4,Champions
16101,70,4,3229.16,3,3,4,Loyal
14669,241,7,3216.78,2,4,4,At-Risk
14507,23,11,3216.74,4,4,4,Champions
12951,8,15,3213.72,4,4,4,Champions
16918,49,16,3206.54,3,4,4,Loyal
16107,17,7,3204.16,4,4,4,Champions
17147,22,9,3199.95,4,4,4,Champions
14315,44,8,3197.82,3,4,4,Loyal
15027,30,10,3195.6,3,4,4,Loyal
13868,6,2,3192.54,4,2,4,New / Promising
13397,72,10,3191.87,3,4,4,Loyal
12456,43,3,3181.04,3,3,4,Loyal
16515,51,10,3179.06,3,4,4,Loyal
17621,20,6,3175.12,4,3,4,Loyal
13268,17,11,3174.75,4,4,4,Champions
16837,30,11,3170.98,3,4,4,Loyal
17640,86,6,3168.94,3,3,4,Loyal
16365,17,15,3167.34,4,4,4,Champions
16041,30,3,3166.4,3,3,4,Loyal
13804,30,9,3161.12,3,4,4,Loyal
12976,211,8,3156.38,2,4,4,At-Risk
16584,79,5,3156.17,3,3,4,Loyal
14306,50,6,3151.4,3,3,4,Loyal
15614,437,4,3147.36,1,3,4,At-Risk
15916,15,13,3145.24,4,4,4,Champions
17702,29,6,3144.04,3,3,4,Loyal
15095,103,10,3141.64,2,4,4,At-Risk
14897,7,8,3140.54,4,4,4,Champions
15602,7,16,3137.96,4,4,4,Champions
17354,50,4,3133.96,3,3,4,Loyal
13786,366,6,3127.99,2,3,4,At-Risk
14963,9,12,3123.57,4,4,4,Champions
15199,58,10,3122.4,3,4,4,Loyal
17145,512,4,3120.91,1,3,4,At-Risk
13685,2,7,3119.44,4,4,4,Champions
13052,211,7,3119.33,2,4,4,At-Risk
13692,24,5,3114.4,4,3,4,Loyal
14978,71,10,3112.19,3,4,4,Loyal
15983,21,8,3110.37,4,4,4,Champions
16678,2,12,3109.99,4,4,4,Champions
13742,16,12,3107.87,4,4,4,Champions
12909,39,8,3103.19,3,4,4,Loyal
13538,42,12,3103.13,3,4,4,Loyal
15031,3,14,3102.94,4,4,4,Champions
15491,94,6,3100.09,3,3,4,Loyal
13772,33,8,3100.02,3,4,4,Loyal
16933,0,9,3099.3,4,4,4,Champions
13464,57,6,3097.64,3,3,4,Loyal
12937,14,9,3097.61,4,4,4,Champions
15105,17,9,3094.91,4,4,4,Champions
14312,46,11,3090.29,3,4,4,Loyal
15373,7,17,3084.54,4,4,4,Champions
12511,428,1,3084.02,1,2,4,Lost
17929,10,12,3082.1,4,4,4,Champions
17090,3,13,3080.18,4,4,4,Champions
14044,26,10,3077.7,3,4,4,Loyal
14700,31,5,3076.06,3,3,4,Loyal
12469,522,2,3070.54,1,2,4,Lost
13631,99,11,3070.42,2,4,4,At-Risk
14038,77,5,3069.88,3,3,4,Loyal
13196,10,7,3068.84,4,4,4,Champions
16400,94,9,3059.85,3,4,4,Loyal
16059,65,12,3053.57,3,4,4,Loyal
16007,47,7,3053.06,3,4,4,Loyal
15241,66,11,3050.16,3,4,4,Loyal
16560,26,8,3048.38,3,4,4,Loyal
14916,70,8,3042.95,3,4,4,Loyal
12849,30,6,3042.47,3,3,4,Loyal
13647,9,8,3041.68,4,4,4,Champions
15754,50,9,3037.61,3,4,4,Loyal
14673,2,7,3037.32,4,4,4,Champions
13557,27,13,3032.26,3,4,4,Loyal
13485,232,11,3019.22,2,4,4,At-Risk
14456,4,9,3017.28,4,4,4,Champions
13848,91,8,3015.0,3,4,4,Loyal
12754,235,3,3010.74,2,3,4,At-Risk
16718,368,5,3006.08,2,3,4,At-Risk
14621,0,9,3000.57,4,4,4,Champions
13635,67,4,2999.16,3,3,4,Loyal
15810,78,8,2999.04,3,4,4,Loyal
15182,153,11,2998.95,2,4,4,At-Risk
15611,9,26,2997.28,4,4,4,Champions
14161,215,7,2996.93,2,4,4,At-Risk
12457,65,8,2995.91,3,4,4,Loyal
14590,424,20,2993.37,1,4,4,At-Risk
15687,8,9,2993.1,4,4,4,Champions
14344,126,20,2993.05,2,4,4,At-Risk
15681,24,14,2989.7,4,4,4,Champions
12374,24,4,2989.22,4,3,4,Loyal
18241,9,21,2986.99,4,4,4,Champions
14226,28,6,2985.13,3,3,4,Loyal
17032,547,8,2984.32,1,4,4,At-Risk
16012,34,5,2978.59,3,3,4,Loyal
17655,10,9,2976.38,4,4,4,Champions
12838,33,10,2975.91,3,4,4,Loyal
17692,126,12,2975.8,2,4,4,At-Risk
12854,78,7,2970.97,3,4,4,Loyal
16120,58,6,2967.51,3,3,4,Loyal
15967,22,12,2966.0,4,4,4,Champions
14506,16,7,2960.25,4,4,4,Champions
15329,38,11,2958.83,3,4,4,Loyal
16416,26,9,2957.88,3,4,4,Loyal
13012,8,11,2957.83,4,4,4,Champions
13110,30,12,2957.47,3,4,4,Loyal
16736,505,5,2956.56,1,3,4,At-Risk
14867,185,16,2952.06,2,4,4,At-Risk
13253,156,4,2951.11,2,3,4,At-Risk
12877,3,20,2942.14,4,4,4,Champions
15757,65,6,2940.36,3,3,4,Loyal
17444,147,3,2940.04,2,3,4,At-Risk
17588,99,7,2939.55,2,4,4,At-Risk
14544,23,3,2938.53,4,3,4,Loyal
12967,357,3,2938.52,2,3,4,At-Risk
12635,89,4,2930.41,3,3,4,Loyal
15312,74,12,2930.19,3,4,4,Loyal
13890,0,14,2927.38,4,4,4,Champions
12906,11,5,2919.81,4,3,4,Loyal
16358,0,5,2919.65,4,3,4,Loyal
13764,70,6,2919.62,3,3,4,Loyal
15392,4,7,2911.62,4,4,4,Champions
13784,9,14,2910.23,4,4,4,Champions
14524,31,13,2909.86,3,4,4,Loyal
12438,13,2,2906.85,4,2,4,New / Promising
14233,48,7,2904.27,3,4,4,Loyal
14293,2,9,2903.01,4,4,4,Champions
16383,74,7,2896.69,3,4,4,Loyal
17242,107,5,2889.28,2,3,4,At-Risk
13501,287,3,2885.11,2,3,4,At-Risk
16633,16,6,2883.1,4,3,4,Loyal
14251,1,5,2879.7,4,3,4,Loyal
12806,434,4,2878.96,1,3,4,At-Risk
18170,32,9,2878.0,3,4,4,Loyal
14005,9,5,2874.72,4,3,4,Loyal
15043,30,6,2870.32,3,3,4,Loyal
16467,508,7,2869.16,1,4,4,At-Risk
16711,2,9,2868.48,4,4,4,Champions
16229,86,6,2867.86,3,3,4,Loyal
17961,20,100,2866.74,4,4,4,Champions
14758,144,7,2864.97,2,4,4,At-Risk
16755,113,7,2864.68,2,4,4,At-Risk
16062,9,8,2863.45,4,4,4,Champions
12685,27,6,2863.08,3,3,4,Loyal
14875,107,3,2862.4,2,3,4,At-Risk
13963,307,17,2860.57,2,4,4,At-Risk
16979,3,9,2859.74,4,4,4,Champions
15563,21,7,2859.46,4,4,4,Champions
16225,44,15,2859.31,3,4,4,Loyal
13728,36,16,2855.17,3,4,4,Loyal
12352,35,10,2849.84,3,4,4,Loyal
14935,296,2,2849.83,2,2,4,Lost
12676,24,11,2843.09,4,4,4,Champions
16554,41,8,2841.72,3,4,4,Loyal
14711,9,11,2839.62,4,4,4,Champions
14842,43,4,2824.69,3,3,4,Loyal
15797,112,6,2821.08,2,3,4,At-Risk
16775,9,16,2820.84,4,4,4,Champions
17228,15,13,2820.03,4,4,4,Champions
13477,37,11,2819.17,3,4,4,Loyal
13032,51,9,2815.96,3,4,4,Loyal
17386,7,7,2812.77,4,4,4,Champions
16871,21,6,2812.34,4,3,4,Loyal
13799,116,9,2803.57,2,4,4,At-Risk
13205,442,1,2803.2,1,2,4,Lost
12826,2,12,2800.75,4,4,4,Champions
16742,46,14,2799.87,3,4,4,Loyal
13330,92,6,2796.1,3,3,4,Loyal
14903,20,5,2795.33,4,3,4,Loyal
14035,28,9,2794.75,3,4,4,Loyal
15353,254,7,2794.47,2,4,4,At-Risk
12863,51,6,2792.55,3,3,4,Loyal
17530,0,12,2791.69,4,4,4,Champions
16764,3,13,2790.95,4,4,4,Champions
17284,59,8,2788.06,3,4,4,Loyal
15073,9,8,2788.02,4,4,4,Champions
17552,59,12,2786.77,3,4,4,Loyal
13719,14,11,2783.08,4,4,4,Champions
14121,3,4,2780.15,4,3,4,Loyal
17790,26,20,2779.41,3,4,4,Loyal
14869,8,6,2778.14,4,3,4,Loyal
15993,8,7,2777.67,4,4,4,Champions
16104,61,9,2774.46,3,4,4,Loyal
17031,11,6,2773.85,4,3,4,Loyal
15235,217,16,2772.76,2,4,4,At-Risk
15965,16,13,2771.94,4,4,4,Champions
13695,30,16,2770.73,3,4,4,Loyal
18210,1,7,2768.83,4,4,4,Champions
15817,420,3,2766.4,1,3,4,At-Risk
13813,39,8,2765.47,3,4,4,Loyal
16407,12,14,2761.65,4,4,4,Champions
17115,7,7,2761.49,4,4,4,Champions
17368,22,14,2758.29,4,4,4,Champions
16335,551,7,2753.52,1,4,4,At-Risk
17870,1,13,2753.29,4,4,4,Champions
13736,4,7,2752.47,4,4,4,Champions
17490,0,9,2750.5,4,4,4,Champions
14665,60,7,2749.65,3,4,4,Loyal
12982,242,8,2744.81,2,4,4,At-Risk
12669,150,3,2744.03,2,3,4,At-Risk
15841,72,9,2742.41,3,4,4,Loyal
13077,0,11,2740.65,4,4,4,Champions
17241,384,12,2736.64,1,4,4,At-Risk
15389,171,5,2733.8,2,3,4,At-Risk
12986,428,10,2729.84,1,4,4,At-Risk
15596,100,9,2727.72,2,4,4,At-Risk
12739,77,4,2726.73,3,3,4,Loyal
12391,21,6,2724.84,4,3,4,Loyal
14404,33,13,2724.13,3,4,4,Loyal
16190,39,8,2723.55,3,4,4,Loyal
14125,10,3,2720.63,4,3,4,Loyal
14808,39,8,2718.6,3,4,4,Loyal
15985,122,7,2715.28,2,4,4,At-Risk
16232,43,7,2712.97,3,4,4,Loyal
17884,3,20,2698.47,4,4,4,Champions
16359,6,16,2697.75,4,4,4,Champions
18173,86,5,2696.36,3,3,4,Loyal
12820,2,11,2689.52,4,4,4,Champions
16086,58,10,2687.73,3,4,4,Loyal
14748,28,10,2681.9,3,4,4,Loyal
17388,77,11,2675.37,3,4,4,Loyal
16434,28,12,2673.69,3,4,4,Loyal
17720,25,10,2666.91,3,4,4,Loyal
18283,3,22,2664.9,4,4,4,Champions
15910,0,15,2661.17,4,4,4,Champions
13473,60,8,2657.76,3,4,4,Loyal
15671,18,7,2657.13,4,4,4,Champions
16369,17,7,2656.56,4,4,4,Champions
15157,3,5,2654.11,4,3,4,Loyal
14756,14,3,2653.76,4,3,4,Loyal
17744,3,7,2649.14,4,4,4,Champions
12516,77,4,2648.62,3,3,4,Loyal
13203,9,10,2648.25,4,4,4,Champions
16618,30,5,2647.59,3,3,4,Loyal
13819,301,6,2642.35,2,3,4,At-Risk
15814,16,6,2634.44,4,3,4,Loyal
12520,78,5,2634.26,3,3,4,Loyal
14410,91,11,2631.9,3,4,4,Loyal
16276,176,3,2629.39,2,3,4,At-Risk
17470,44,11,2626.47,3,4,4,Loyal
13422,63,1,2626.3,3,2,4,New / Promising
13644,15,4,2624.26,4,3,4,Loyal
12671,605,1,2622.48,1,2,4,Lost
12423,0,10,2622.39,4,4,4,Champions
15142,45,6,2619.92,3,3,4,Loyal
13211,9,10,2618.77,4,4,4,Champions
14262,7,8,2618.23,4,4,4,Champions
14195,201,6,2615.6,2,3,4,At-Risk
14431,302,4,2614.2,2,3,4,At-Risk
14397,2,19,2612.96,4,4,4,Champions
14564,434,2,2605.62,1,2,4,Lost
15660,24,15,2603.69,4,4,4,Champions
17317,45,3,2600.34,3,3,4,Loyal
15826,55,4,2598.28,3,3,4,Loyal
13700,25,13,2596.97,3,4,4,Loyal
12412,74,6,2596.93,3,3,4,Loyal
14163,86,5,2594.62,3,3,4,Loyal
14229,51,7,2594.04,3,4,4,Loyal
17043,31,8,2593.65,3,4,4,Loyal
14129,1,9,2591.34,4,4,4,Champions
14147,77,9,2590.2,3,4,4,Loyal
16206,54,13,2589.87,3,4,4,Loyal
15062,70,8,2585.62,3,4,4,Loyal
12592,91,5,2582.66,3,3,4,Loyal
16499,359,8,2578.34,2,4,4,At-Risk
17095,22,7,2572.25,4,4,4,Champions
17002,85,7,2571.55,3,4,4,Loyal
15434,7,11,2567.06,4,4,4,Champions
16817,2,13,2560.7,4,4,4,Champions
13192,94,6,2558.58,3,3,4,Loyal
15033,4,10,2557.18,4,4,4,Champions
16036,86,4,2556.84,3,3,4,Loyal
13862,17,9,2556.09,4,4,4,Champions
16115,9,12,2553.8,4,4,4,Champions
14745,112,12,2551.41,2,4,4,At-Risk
18179,8,8,2547.55,4,4,4,Champions
17465,425,7,2542.79,1,4,4,At-Risk
14548,150,9,2541.29,2,4,4,At-Risk
17463,15,7,2535.26,4,4,4,Champions
13623,30,10,2533.06,3,4,4,Loyal
15906,19,10,2530.19,4,4,4,Champions
14659,8,9,2529.93,4,4,4,Champions
16889,194,6,2526.65,2,3,4,At-Risk
14790,16,10,2526.62,4,4,4,Champions
16987,2,11,2521.4,4,4,4,Champions
15862,7,13,2512.29,4,4,4,Champions
13344,67,3,2511.69,3,3,4,Loyal
17101,9,7,2507.05,4,4,4,Champions
17550,196,9,2506.64,2,4,4,At-Risk
12978,384,5,2502.82,1,3,4,At-Risk
16202,360,9,2501.99,2,4,4,At-Risk
13471,0,4,2501.84,4,3,4,Loyal
15021,8,12,2500.59,4,4,4,Champions
15747,12,9,2499.81,4,4,4,Champions
17594,84,4,2497.88,3,3,4,Loyal
15932,3,8,2495.87,4,4,4,Champions
13414,133,6,2494.14,2,3,4,At-Risk
14541,58,14,2491.38,3,4,4,Loyal
17262,51,11,2488.76,3,4,4,Loyal
15227,36,9,2488.49,3,4,4,Loyal
15117,14,8,2485.97,4,4,4,Champions
15716,145,11,2485.26,2,4,4,At-Risk
12517,27,5,2481.6,3,3,4,Loyal
13507,2,4,2479.16,4,3,4,Loyal
13588,15,9,2478.95,4,4,4,Champions
13134,85,6,2475.23,3,3,4,Loyal
14696,3,8,2473.28,4,4,4,Champions
13762,218,5,2472.48,2,3,4,At-Risk
12924,87,12,2469.4,3,4,4,Loyal
14421,56,6,2469.37,3,3,4,Loyal
17288,8,11,2468.43,4,4,4,Champions
17164,32,7,2467.35,3,4,4,Loyal
13151,295,3,2465.21,2,3,4,At-Risk
17131,4,5,2463.17,4,3,4,Loyal
14256,259,5,2460.79,2,3,4,At-Risk
17629,5,10,2455.52,4,4,4,Champions
17676,3,10,2448.64,4,4,4,Champions
12701,79,6,2446.41,3,3,4,Loyal
13338,157,4,2445.62,2,3,4,At-Risk
17320,99,6,2444.85,2,3,4,At-Risk
15111,28,5,2442.37,3,3,4,Loyal
17348,14,9,2442.29,4,4,4,Champions
18171,58,9,2437.31,3,4,4,Loyal
15623,140,8,2437.05,2,4,4,At-Risk
17505,161,5,2435.48,2,3,4,At-Risk
13085,157,8,2433.28,2,4,4,At-Risk
14502,19,11,2429.83,4,4,4,Champions
15077,494,2,2428.08,1,2,4,Lost
13949,2,6,2427.32,4,3,4,Loyal
12733,233,4,2424.87,2,3,4,At-Risk
15215,46,7,2422.43,3,4,4,Loyal
15089,9,6,2420.84,4,3,4,Loyal
15489,22,8,2419.61,4,4,4,Champions
16040,64,7,2416.9,3,4,4,Loyal
13878,54,4,2416.9,3,3,4,Loyal
16470,51,11,2416.85,3,4,4,Loyal
12802,186,7,2416.42,2,4,4,At-Risk
13118,19,9,2415.41,4,4,4,Champions
14205,16,9,2414.2,4,4,4,Champions
12397,35,2,2409.9,3,2,4,New / Promising
16833,0,6,2409.04,4,3,4,Loyal
16163,231,6,2407.98,2,3,4,At-Risk
15341,80,2,2402.72,3,2,4,New / Promising
13173,3,11,2399.82,4,4,4,Champions
15793,14,8,2399.57,4,4,4,Champions
12393,71,6,2399.45,3,3,4,Loyal
14414,91,8,2399.33,3,4,4,Loyal
16147,133,5,2398.91,2,3,4,At-Risk
17921,63,10,2394.36,3,4,4,Loyal
16812,360,4,2392.0,2,3,4,At-Risk
15366,74,7,2389.08,3,4,4,Loyal
16105,248,5,2386.19,2,3,4,At-Risk
16638,22,15,2380.13,4,4,4,Champions
17827,4,6,2376.17,4,3,4,Loyal
17434,1,7,2373.82,4,4,4,Champions
13908,79,4,2369.55,3,3,4,Loyal
17623,32,7,2365.77,3,4,4,Loyal
16005,11,10,2365.49,4,4,4,Champions
14496,311,7,2363.89,2,4,4,At-Risk
14295,39,5,2362.91,3,3,4,Loyal
16676,33,6,2361.9,3,3,4,Loyal
15860,40,17,2361.3,3,4,4,Loyal
17634,35,9,2358.59,3,4,4,Loyal
15015,500,13,2354.97,1,4,4,At-Risk
17969,165,20,2354.29,2,4,4,At-Risk
14810,40,13,2354.03,3,4,4,Loyal
16083,100,4,2351.42,2,3,4,At-Risk
16085,22,12,2341.03,4,4,4,Champions
12704,6,8,2340.84,4,4,4,Champions
17591,72,8,2339.32,3,4,4,Loyal
12584,3,9,2338.15,4,4,4,Champions
15549,76,8,2334.16,3,4,4,Loyal
13614,23,6,2332.74,4,3,4,Loyal
16496,8,6,2330.77,4,3,4,Loyal
17313,30,1,2328.84,3,2,4,New / Promising
17004,45,4,2324.36,3,3,4,Loyal
14938,561,2,2322.43,1,2,4,Lost
13091,27,3,2321.82,3,3,4,Loyal
13055,77,4,2321.11,3,3,4,Loyal
16628,29,7,2318.1,3,4,4,Loyal
12724,4,7,2317.52,4,4,4,Champions
12948,15,9,2317.43,4,4,4,Champions
14346,120,5,2315.75,2,3,4,At-Risk
17193,35,9,2310.04,3,4,4,Loyal
17282,129,5,2308.54,2,3,4,At-Risk
13704,4,9,2308.06,4,4,4,Champions
17113,573,6,2305.59,1,3,4,At-Risk
17894,71,18,2304.58,3,4,4,Loyal
15946,502,3,2304.18,1,3,4,At-Risk
14555,56,6,2304.03,3,3,4,Loyal
18095,312,5,2303.09,2,3,4,At-Risk
16077,625,1,2300.4,1,2,4,Lost
16531,21,11,2298.33,4,4,4,Champions
13371,504,2,2297.66,1,2,4,Lost
12599,28,13,2296.72,3,4,4,Loyal
12649,106,8,2294.65,2,4,4,At-Risk
13280,121,7,2293.33,2,4,4,At-Risk
13059,249,10,2291.77,2,4,4,At-Risk
17047,84,6,2289.23,3,3,4,Loyal
17018,40,6,2287.7,3,3,4,Loyal
16485,76,5,2287.19,3,3,4,Loyal
14481,164,5,2284.69,2,3,4,At-Risk
12684,7,7,2283.63,4,4,4,Champions
18051,633,7,2282.28,1,4,4,At-Risk
13655,113,6,2280.51,2,3,4,At-Risk
14554,9,4,2279.49,4,3,4,Loyal
13994,3,6,2274.14,4,3,4,Loyal
17994,121,11,2270.03,2,4,4,At-Risk
12725,370,4,2266.76,2,3,4,At-Risk
15638,378,6,2265.2,2,3,4,At-Risk
15734,114,4,2263.3,2,3,4,At-Risk
13652,45,5,2262.05,3,3,4,Loyal
13814,91,3,2257.32,3,3,4,Loyal
13117,21,18,2255.66,4,4,4,Champions
16350,20,9,2253.89,4,4,4,Champions
17414,43,6,2249.52,3,3,4,Loyal
14432,9,6,2248.5,4,3,3,Loyal
14644,67,7,2247.72,3,4,3,Loyal
16177,49,8,2247.31,3,4,3,Loyal
16174,125,7,2246.75,2,4,3,At-Risk
16883,186,19,2246.06,2,4,3,At-Risk
13627,58,7,2245.9,3,4,3,Loyal
16042,21,8,2245.32,4,4,3,Champions
13407,578,3,2244.7,1,3,3,At-Risk
16823,226,7,2243.09,2,4,3,At-Risk
14462,65,12,2242.81,3,4,3,Loyal
15865,40,5,2241.42,3,3,3,Loyal
15629,449,4,2240.9,1,3,3,At-Risk
16551,95,7,2237.12,2,4,3,At-Risk
17180,55,11,2236.77,3,4,3,Loyal
17075,17,10,2236.63,4,4,3,Champions
16108,84,4,2235.92,3,3,3,Loyal
16076,2,10,2234.73,4,4,3,Champions
13662,85,11,2233.61,3,4,3,Loyal
18215,88,5,2232.49,3,3,3,Loyal
14449,18,8,2230.96,4,4,3,Champions
12783,1,6,2225.91,4,3,3,Loyal
13365,33,2,2225.37,3,2,3,New / Promising
14321,10,7,2218.06,4,4,3,Champions
17648,60,5,2216.37,3,3,3,Loyal
18177,30,9,2216.32,3,4,3,Loyal
13478,468,5,2215.78,1,3,3,At-Risk
13455,24,6,2212.99,4,3,3,Loyal
13320,77,6,2211.6,3,3,3,Loyal
15550,3,12,2211.05,4,4,3,Champions
15476,379,4,2209.98,2,3,3,At-Risk
14177,85,13,2209.69,3,4,3,Loyal
13094,20,13,2209.44,4,4,3,Champions
14834,17,7,2206.16,4,4,3,Champions
14467,17,12,2203.24,4,4,3,Champions
13410,23,9,2201.96,4,4,3,Champions
14006,115,7,2196.67,2,4,3,At-Risk
15100,333,7,2193.9,2,4,3,At-Risk
16317,119,5,2192.51,2,3,3,At-Risk
15934,417,2,2190.66,1,2,3,Lost
14212,89,2,2190.14,3,2,3,New / Promising
14597,10,6,2184.63,4,3,3,Loyal
15864,21,7,2180.76,4,4,3,Champions
17905,70,13,2178.87,3,4,3,Loyal
17324,17,12,2171.07,4,4,3,Champions
12856,7,6,2170.78,4,3,3,Loyal
12501,336,1,2169.39,2,2,3,Lost
17732,372,8,2166.42,2,4,3,At-Risk
14595,19,8,2164.45,4,4,3,Champions
15944,276,4,2164.24,2,3,3,At-Risk
14573,179,13,2163.12,2,4,3,At-Risk
17822,419,5,2162.93,1,3,3,At-Risk
17460,93,16,2157.97,3,4,3,Loyal
14407,106,6,2157.73,2,3,3,At-Risk
16379,3,4,2157.4,4,3,3,Loyal
13643,30,10,2156.77,3,4,3,Loyal
15426,18,9,2156.35,4,4,3,Champions
13224,59,2,2155.95,3,2,3,New / Promising
16966,7,7,2154.97,4,4,3,Champions
16600,3,13,2153.41,4,4,3,Champions
16275,196,3,2151.11,2,3,3,At-Risk
14216,2,5,2150.04,4,3,3,Loyal
16716,266,3,2149.68,2,3,3,At-Risk
17272,41,4,2148.63,3,3,3,Loyal
16520,185,6,2148.38,2,3,3,At-Risk
16004,474,5,2146.39,1,3,3,At-Risk
13152,416,7,2146.38,1,4,3,At-Risk
16134,21,5,2145.34,4,3,3,Loyal
18009,234,8,2144.23,2,4,3,At-Risk
12576,35,8,2142.72,3,4,3,Loyal
13092,70,12,2140.28,3,4,3,Loyal
12687,480,2,2138.91,1,2,3,Lost
17029,110,7,2137.3,2,4,3,At-Risk
17305,648,1,2135.46,1,2,3,Lost
18116,67,13,2134.49,3,4,3,Loyal
12560,4,3,2134.01,4,3,3,Loyal
16493,79,7,2132.09,3,4,3,Loyal
13517,59,3,2128.42,3,3,3,Loyal
14634,437,4,2124.46,1,3,3,At-Risk
16807,142,6,2123.88,2,3,3,At-Risk
16996,29,9,2123.61,3,4,3,Loyal
14472,103,9,2118.72,2,4,3,At-Risk
14360,31,4,2118.03,3,3,3,Loyal
15658,189,8,2117.27,2,4,3,At-Risk
14691,30,5,2114.33,3,3,3,Loyal
16201,2,5,2112.12,4,3,3,Loyal
16054,144,4,2111.88,2,3,3,At-Risk
12997,21,8,2110.91,4,4,3,Champions
14399,393,8,2108.21,1,4,3,At-Risk
13755,3,9,2108.06,4,4,3,Champions
13610,11,14,2103.71,4,4,3,Champions
15252,35,5,2103.41,3,3,3,Loyal
14276,98,7,2102.68,2,4,3,At-Risk
14499,25,7,2101.79,3,4,3,Loyal
15815,63,5,2100.6,3,3,3,Loyal
12975,436,6,2100.09,1,3,3,At-Risk
17897,172,9,2099.89,2,4,3,At-Risk
17159,21,5,2099.59,4,3,3,Loyal
12610,22,5,2099.54,4,3,3,Loyal
17742,112,11,2098.48,2,4,3,At-Risk
13753,287,4,2094.57,2,3,3,At-Risk
13591,64,7,2093.94,3,4,3,Loyal
14469,415,4,2093.46,1,3,3,At-Risk
13265,52,5,2092.66,3,3,3,Loyal
15456,282,10,2091.52,2,4,3,At-Risk
15151,422,2,2085.61,1,2,3,Lost
17705,2,11,2083.9,4,4,3,Champions
16016,2,11,2083.4,4,4,3,Champions
16934,54,6,2083.14,3,3,3,Loyal
14443,53,5,2082.97,3,3,3,Loyal
18026,500,2,2074.07,1,2,3,Lost
17048,117,7,2071.68,2,4,3,At-Risk
17585,108,7,2064.71,2,4,3,At-Risk
13748,95,9,2064.35,2,4,3,At-Risk
16726,25,7,2063.88,3,4,3,Loyal
12586,16,4,2062.67,4,3,3,Loyal
16795,364,3,2062.41,2,3,3,At-Risk
15221,365,4,2062.2,2,3,3,At-Risk
13476,178,5,2061.47,2,3,3,At-Risk
18258,463,6,2059.67,1,3,3,At-Risk
17633,30,7,2057.39,3,4,3,Loyal
12518,0,5,2056.89,4,3,3,Loyal
15253,15,8,2055.09,4,4,3,Champions
14188,30,6,2054.36,3,3,3,Loyal
16235,40,9,2053.71,3,4,3,Loyal
16794,0,15,2052.7,4,4,3,Champions
16176,420,4,2052.69,1,3,3,At-Risk
17086,6,6,2050.08,4,3,3,Loyal
13874,357,7,2049.15,2,4,3,At-Risk
16027,91,15,2048.36,3,4,3,Loyal
14232,42,5,2048.07,3,3,3,Loyal
17666,3,5,2047.8,4,3,3,Loyal
13663,178,5,2047.51,2,3,3,At-Risk
14000,210,5,2046.34,2,3,3,At-Risk
15473,13,8,2046.0,4,4,3,Champions
12868,185,8,2043.76,2,4,3,At-Risk
17289,31,9,2041.8,3,4,3,Loyal
12585,233,2,2040.1,2,2,3,Lost
14988,211,7,2038.65,2,4,3,At-Risk
16214,170,4,2038.25,2,3,3,At-Risk
16331,431,6,2037.7,1,3,3,At-Risk
17846,84,1,2033.1,3,2,3,New / Promising
13630,4,7,2031.78,4,4,3,Champions
14225,434,4,2031.07,1,3,3,At-Risk
15272,56,6,2030.95,3,3,3,Loyal
15506,22,6,2030.33,4,3,3,Loyal
15164,68,9,2028.11,3,4,3,Loyal
15384,169,4,2027.79,2,3,3,At-Risk
12873,281,3,2027.3,2,3,3,At-Risk
13989,65,5,2026.06,3,3,3,Loyal
14631,50,6,2025.69,3,3,3,Loyal
14651,66,9,2025.52,3,4,3,Loyal
12418,112,4,2021.2,2,3,3,At-Risk
13696,421,3,2020.4,1,3,3,At-Risk
16221,36,9,2019.92,3,4,3,Loyal
12348,74,5,2019.4,3,3,3,Loyal
14623,31,10,2016.98,3,4,3,Loyal
16197,468,9,2016.71,1,4,3,At-Risk
17152,194,4,2016.5,2,3,3,At-Risk
17126,151,9,2016.43,2,4,3,At-Risk
13693,373,9,2011.82,2,4,3,At-Risk
17671,15,5,2009.16,4,3,3,Loyal
13888,119,7,2001.59,2,4,3,At-Risk
16332,27,11,2000.01,3,4,3,Loyal
16698,226,2,1998.0,2,2,3,Lost
14628,90,5,1998.0,3,3,3,Loyal
15990,43,7,1997.75,3,4,3,Loyal
14152,74,7,1997.34,3,4,3,Loyal
15481,400,1,1993.34,1,2,3,Lost
14301,116,4,1992.18,2,3,3,At-Risk
16065,364,8,1992.13,2,4,3,At-Risk
13889,92,6,1991.23,3,3,3,Loyal
17088,27,4,1991.01,3,3,3,Loyal
16960,38,8,1990.88,3,4,3,Loyal
17351,35,12,1988.23,3,4,3,Loyal
16529,189,4,1986.8,2,3,3,At-Risk
15478,39,3,1983.48,3,3,3,Loyal
14967,49,6,1982.61,3,3,3,Loyal
17337,150,4,1981.06,2,3,3,At-Risk
13725,49,8,1980.56,3,4,3,Loyal
12582,238,4,1980.4,2,3,3,At-Risk
17158,31,5,1980.0,3,3,3,Loyal
15030,71,8,1979.91,3,4,3,Loyal
15795,149,8,1979.87,2,4,3,At-Risk
13208,58,9,1976.3,3,4,3,Loyal
18204,70,3,1975.35,3,3,3,Loyal
15531,7,2,1972.39,4,2,3,New / Promising
17797,21,8,1971.87,4,4,3,Champions
14905,157,8,1971.39,2,4,3,At-Risk
12674,38,4,1970.6,3,3,3,Loyal
14477,19,7,1969.6,4,4,3,Champions
14396,64,7,1969.38,3,4,3,Loyal
16032,455,6,1965.72,1,3,3,At-Risk
17966,37,10,1963.92,3,4,3,Loyal
17997,73,8,1962.46,3,4,3,Loyal
12399,118,7,1962.3,2,4,3,At-Risk
15789,357,6,1962.01,2,3,3,At-Risk
16290,464,4,1957.7,1,3,3,At-Risk
17039,603,1,1954.99,1,2,3,Lost
18016,31,7,1954.56,3,4,3,Loyal
14794,2,10,1953.9,4,4,3,Champions
17554,0,5,1952.45,4,3,3,Loyal
13761,49,6,1952.17,3,3,3,Loyal
15885,92,15,1951.82,3,4,3,Loyal
16993,463,2,1950.95,1,2,3,Lost
14014,76,3,1948.21,3,3,3,Loyal
15620,56,4,1942.36,3,3,3,Loyal
15425,399,4,1941.12,1,3,3,At-Risk
12385,378,1,1938.4,2,2,3,Lost
16619,263,4,1938.33,2,3,3,At-Risk
14418,3,3,1937.25,4,3,3,Loyal
15561,11,8,1934.39,4,4,3,Champions
12528,8,6,1933.48,4,3,3,Loyal
12531,14,2,1933.2,4,2,3,New / Promising
16859,144,7,1932.41,2,4,3,At-Risk
15803,50,4,1929.66,3,3,3,Loyal
17236,12,12,1929.26,4,4,3,Champions
16788,122,5,1928.93,2,3,3,At-Risk
13029,30,5,1927.3,3,3,3,Loyal
14492,429,7,1921.91,1,4,3,At-Risk
16681,72,7,1921.84,3,4,3,Loyal
18220,226,6,1921.76,2,3,3,At-Risk
14901,10,12,1919.0,4,4,3,Champions
12644,129,4,1918.49,2,3,3,At-Risk
12842,69,4,1917.99,3,3,3,Loyal
14332,22,5,1917.41,4,3,3,Loyal
16650,71,7,1916.11,3,4,3,Loyal
16555,34,6,1915.68,3,3,3,Loyal
16692,255,4,1914.7,2,3,3,At-Risk
17046,156,5,1906.07,2,3,3,At-Risk
16942,12,9,1904.99,4,4,3,Champions
14250,6,3,1904.05,4,3,3,Loyal
14127,122,6,1900.08,2,3,3,At-Risk
14710,13,13,1899.79,4,4,3,Champions
12762,7,2,1898.52,4,2,3,New / Promising
14389,64,5,1898.01,3,3,3,Loyal
14730,0,8,1897.57,4,4,3,Champions
17560,94,8,1895.8,3,4,3,Loyal
14327,162,6,1894.93,2,3,3,At-Risk
15248,410,3,1893.93,1,3,3,At-Risk
13984,26,12,1893.8,3,4,3,Loyal
17350,7,7,1893.7,4,4,3,Champions
16631,481,7,1892.52,1,4,3,At-Risk
13276,63,5,1891.91,3,3,3,Loyal
15381,213,5,1890.57,2,3,3,At-Risk
14912,16,6,1889.25,4,3,3,Loyal
17609,40,11,1887.9,3,4,3,Loyal
16172,94,8,1884.55,3,4,3,Loyal
14403,129,6,1880.51,2,3,3,At-Risk
16660,15,7,1879.55,4,4,3,Champions
18151,134,6,1879.44,2,3,3,At-Risk
17227,18,12,1878.93,4,4,3,Champions
15197,10,6,1877.51,4,3,3,Loyal
13946,78,6,1876.23,3,3,3,Loyal
16426,1,10,1863.76,4,4,3,Champions
14887,78,1,1862.0,3,2,3,New / Promising
13503,70,6,1859.24,3,3,3,Loyal
14305,70,3,1858.96,3,3,3,Loyal
14130,318,4,1858.77,2,3,3,At-Risk
16043,37,8,1856.59,3,4,3,Loyal
15081,21,12,1854.57,4,4,3,Champions
16049,39,6,1852.15,3,3,3,Loyal
16917,276,2,1851.88,2,2,3,Lost
12383,184,5,1850.56,2,3,3,At-Risk
12381,4,5,1845.31,4,3,3,Loyal
12507,133,4,1844.06,2,3,3,At-Risk
18180,4,6,1843.75,4,3,3,Loyal
12694,69,3,1843.35,3,3,3,Loyal
12950,1,3,1843.0,4,3,3,Loyal
15201,86,7,1842.95,3,4,3,Loyal
16102,41,3,1842.14,3,3,3,Loyal
14224,109,9,1841.71,2,4,3,At-Risk
13168,35,5,1840.73,3,3,3,Loyal
17919,87,2,1840.32,3,2,3,New / Promising
15822,2,6,1840.06,4,3,3,Loyal
14870,261,6,1838.95,2,3,3,At-Risk
13924,1,6,1838.85,4,3,3,Loyal
17015,28,3,1838.61,3,3,3,Loyal
16175,93,7,1836.44,3,4,3,Loyal
15402,148,6,1830.54,2,3,3,At-Risk
16152,268,1,1829.04,2,2,3,Lost
16825,38,5,1826.89,3,3,3,Loyal
17244,52,5,1826.04,3,3,3,Loyal
14896,204,8,1826.0,2,4,3,At-Risk
15678,52,3,1825.94,3,3,3,Loyal
14715,24,8,1825.45,4,4,3,Champions
13884,6,10,1825.03,4,4,3,Champions
17642,119,5,1824.49,2,3,3,At-Risk
16169,7,4,1822.97,4,3,3,Loyal
14738,42,9,1821.9,3,4,3,Loyal
15339,65,7,1821.02,3,4,3,Loyal
16205,30,7,1820.11,3,4,3,Loyal
17828,22,4,1820.09,4,3,3,Loyal
14553,18,9,1818.6,4,4,3,Champions
16233,70,9,1818.31,3,4,3,Loyal
17787,152,4,1817.54,2,3,3,At-Risk
15807,49,5,1817.52,3,3,3,Loyal
12494,15,9,1815.27,4,4,3,Champions
16880,30,8,1813.21,3,4,3,Loyal
14915,90,11,1811.25,3,4,3,Loyal
16474,6,7,1810.65,4,4,3,Champions
14893,9,3,1809.61,4,3,3,Loyal
15530,21,5,1808.68,4,3,3,Loyal
17888,20,25,1807.44,4,4,3,Champions
15133,127,5,1806.9,2,3,3,At-Risk
13561,215,11,1803.4,2,4,3,At-Risk
18161,14,6,1803.1,4,3,3,Loyal
14723,9,11,1803.06,4,4,3,Champions
16797,392,5,1802.02,1,3,3,At-Risk
16249,52,5,1800.07,3,3,3,Loyal
18235,71,3,1796.48,3,3,3,Loyal
18236,29,12,1795.35,3,4,3,Loyal
17165,283,6,1794.32,2,3,3,At-Risk
14708,2,5,1793.22,4,3,3,Loyal
18122,7,6,1793.06,4,3,3,Loyal
13711,218,9,1792.26,2,4,3,At-Risk
13375,88,2,1792.23,3,2,3,New / Promising
12369,412,3,1791.15,1,3,3,At-Risk
17603,77,4,1788.38,3,3,3,Loyal
13782,12,13,1786.08,4,4,3,Champions
15608,27,5,1785.98,3,3,3,Loyal
16611,185,6,1785.13,2,3,3,At-Risk
15452,29,6,1785.11,3,3,3,Loyal
15128,59,5,1783.68,3,3,3,Loyal
16110,44,4,1781.59,3,3,3,Loyal
18214,530,4,1780.34,1,3,3,At-Risk
15220,51,6,1778.96,3,3,3,Loyal
16770,57,9,1778.93,3,4,3,Loyal
16510,371,6,1777.5,2,3,3,At-Risk
12458,70,4,1777.49,3,3,3,Loyal
12908,175,5,1776.0,2,3,3,At-Risk
12778,19,9,1775.68,4,4,3,Champions
13920,431,4,1774.68,1,3,3,At-Risk
16124,316,4,1772.49,2,3,3,At-Risk
15594,15,5,1771.78,4,3,3,Loyal
14850,311,7,1770.96,2,4,3,At-Risk
14933,443,4,1770.0,1,3,3,At-Risk
15972,455,5,1769.33,1,3,3,At-Risk
15736,434,2,1767.12,1,2,3,Lost
13456,17,6,1766.72,4,3,3,Loyal
16751,30,1,1764.72,3,2,3,New / Promising
13648,399,8,1764.02,1,4,3,At-Risk
13717,31,8,1763.3,3,4,3,Loyal
12784,8,3,1763.15,4,3,3,Loyal
15777,240,7,1762.61,2,4,3,At-Risk
16511,21,6,1760.49,4,3,3,Loyal
16620,3,6,1758.93,4,3,3,Loyal
16266,73,14,1757.95,3,4,3,Loyal
16595,60,5,1757.75,3,3,3,Loyal
12809,177,3,1755.94,2,3,3,At-Risk
14704,10,11,1752.92,4,4,3,Champions
14522,23,8,1748.42,4,4,3,Champions
16639,30,4,1747.98,3,3,3,Loyal
13808,5,5,1747.66,4,3,3,Loyal
17695,131,5,1746.04,2,3,3,At-Risk
16348,31,8,1744.42,3,4,3,Loyal
16380,60,1,1743.15,3,2,3,New / Promising
15605,35,9,1741.95,3,4,3,Loyal
12425,77,2,1741.41,3,2,3,New / Promising
16087,388,5,1739.92,1,3,3,At-Risk
17974,24,6,1739.09,4,3,3,Loyal
14584,168,8,1738.16,2,4,3,At-Risk
14075,4,6,1734.87,4,3,3,Loyal
17268,107,11,1733.89,2,4,3,At-Risk
13026,0,9,1733.08,4,4,3,Champions
14400,148,3,1732.47,2,3,3,At-Risk
17432,17,9,1728.99,4,4,3,Champions
16891,1,11,1727.94,4,4,3,Champions
14387,32,3,1727.6,3,3,3,Loyal
16809,22,9,1727.43,4,4,3,Champions
15730,65,5,1726.58,3,3,3,Loyal
17190,58,7,1726.57,3,4,3,Loyal
14304,222,3,1725.01,2,3,3,At-Risk
13363,17,3,1723.86,4,3,3,Loyal
16374,65,5,1723.4,3,3,3,Loyal
17135,15,10,1722.18,4,4,3,Champions
17451,0,7,1721.4,4,4,3,Champions
16119,7,8,1720.81,4,4,3,Champions
15267,21,5,1717.36,4,3,3,Loyal
13705,7,7,1717.19,4,4,3,Champions
14021,154,7,1716.58,2,4,3,At-Risk
17162,28,10,1715.46,3,4,3,Loyal
14692,136,12,1715.14,2,4,3,At-Risk
14741,11,7,1713.09,4,4,3,Champions
18239,218,6,1712.26,2,3,3,At-Risk
14447,18,6,1711.73,4,3,3,Loyal
13665,385,3,1711.66,1,3,3,At-Risk
17750,4,9,1710.45,4,4,3,Champions
12405,148,1,1710.39,2,2,3,Lost
13104,2,9,1709.1,4,4,3,Champions
17731,78,6,1708.99,3,3,3,Loyal
15607,336,9,1708.97,2,4,3,At-Risk
15947,82,1,1708.24,3,2,3,New / Promising
12407,49,5,1708.12,3,3,3,Loyal
16902,115,1,1706.88,2,2,3,Lost
13309,6,6,1706.37,4,3,3,Loyal
16398,153,2,1705.8,2,2,3,Lost
14859,12,5,1705.64,4,3,3,Loyal
12693,126,7,1703.02,2,4,3,At-Risk
15326,333,5,1700.52,2,3,3,At-Risk
15911,623,8,1700.24,1,4,3,At-Risk
16768,47,9,1698.57,3,4,3,Loyal
12932,538,8,1698.56,1,4,3,At-Risk
17813,13,5,1698.07,4,3,3,Loyal
17694,141,3,1695.97,2,3,3,At-Risk
16899,7,8,1695.77,4,4,3,Champions
16010,245,11,1694.86,2,4,3,At-Risk
15976,164,6,1694.41,2,3,3,At-Risk
12764,316,1,1693.88,2,2,3,Lost
14245,219,2,1693.45,2,2,3,Lost
16671,27,3,1692.27,3,3,3,Loyal
13838,5,10,1690.07,4,4,3,Champions
13294,189,3,1689.53,2,3,3,At-Risk
13566,40,5,1688.6,3,3,3,Loyal
16725,301,14,1688.26,2,4,3,At-Risk
12813,501,3,1687.8,1,3,3,At-Risk
12775,16,7,1686.12,4,4,3,Champions
13516,20,4,1685.26,4,3,3,Loyal
14643,169,5,1679.89,2,3,3,At-Risk
15551,36,7,1679.81,3,4,3,Loyal
13800,309,3,1679.56,2,3,3,At-Risk
12870,374,3,1676.95,2,3,3,At-Risk
14831,679,3,1676.57,1,3,3,At-Risk
13149,13,4,1676.06,4,3,3,Loyal
17656,72,5,1674.69,3,3,3,Loyal
13587,63,4,1673.5,3,3,3,Loyal
13308,22,4,1670.37,4,3,3,Loyal
13417,4,6,1669.49,4,3,3,Loyal
13184,14,10,1668.95,4,4,3,Champions
17534,53,5,1668.83,3,3,3,Loyal
13434,73,5,1666.86,3,3,3,Loyal
13064,12,6,1666.84,4,3,3,Loyal
15192,119,5,1666.39,2,3,3,At-Risk
17321,7,6,1665.21,4,3,3,Loyal
16329,427,4,1664.92,1,3,3,At-Risk
12912,2,5,1662.3,4,3,3,Loyal
15214,1,8,1661.44,4,4,3,Champions
15649,335,4,1660.35,2,3,3,At-Risk
14583,5,8,1660.29,4,4,3,Champions
18096,11,6,1657.87,4,3,3,Loyal
18276,43,6,1656.52,3,3,3,Loyal
17041,26,6,1655.2,3,3,3,Loyal
16625,274,5,1654.03,2,3,3,At-Risk
16813,7,10,1652.18,4,4,3,Champions
12911,551,1,1651.72,1,2,3,Lost
16634,222,6,1649.81,2,3,3,At-Risk
12657,10,4,1643.18,4,3,3,Loyal
14420,98,4,1639.17,2,3,3,At-Risk
12933,23,8,1636.63,4,4,3,Champions
12398,45,1,1635.66,3,2,3,New / Promising
17006,4,8,1635.27,4,4,3,Champions
15310,478,1,1634.64,1,2,3,Lost
18062,172,6,1632.67,2,3,3,At-Risk
14164,70,2,1631.77,3,2,3,New / Promising
18136,62,5,1631.36,3,3,3,Loyal
17571,49,5,1630.91,3,3,3,Loyal
14904,1,4,1630.49,4,3,3,Loyal
16256,266,3,1629.37,2,3,3,At-Risk
13554,379,7,1629.35,2,4,3,At-Risk
15167,320,5,1627.62,2,3,3,At-Risk
14759,4,3,1625.97,4,3,3,Loyal
13154,398,3,1624.84,1,3,3,At-Risk
15172,8,5,1624.05,4,3,3,Loyal
14937,56,3,1621.88,3,3,3,Loyal
12379,81,4,1620.22,3,3,3,Loyal
15422,322,7,1619.97,2,4,3,At-Risk
12577,34,8,1617.1,3,4,3,Loyal
16224,56,5,1616.54,3,3,3,Loyal
14336,16,4,1614.91,4,3,3,Loyal
15013,487,10,1610.82,1,4,3,At-Risk
16860,452,3,1610.62,1,3,3,At-Risk
13900,182,6,1610.59,2,3,3,At-Risk
17814,374,2,1609.37,2,2,3,Lost
12847,21,2,1609.0,4,2,3,New / Promising
13249,91,9,1608.93,3,4,3,Loyal
14920,212,3,1607.17,2,3,3,At-Risk
12947,143,6,1603.99,2,3,3,At-Risk
17515,30,9,1602.51,3,4,3,Loyal
15325,103,8,1601.46,2,4,3,At-Risk
14178,8,7,1600.26,4,4,3,Champions
14885,131,3,1598.12,2,3,3,At-Risk
12514,266,2,1597.76,2,2,3,Lost
17853,406,3,1596.29,1,3,3,At-Risk
15134,14,10,1596.29,4,4,3,Champions
13850,128,1,1595.48,2,2,3,Lost
13239,261,5,1594.69,2,3,3,At-Risk
16801,162,4,1594.23,2,3,3,At-Risk
17028,580,3,1593.83,1,3,3,At-Risk
15289,28,5,1593.09,3,3,3,Loyal
17540,24,6,1590.6,4,3,3,Loyal
16092,114,6,1587.94,2,3,3,At-Risk
17345,14,10,1586.63,4,4,3,Champions
13156,384,3,1586.54,1,3,3,At-Risk
16096,263,4,1584.97,2,3,3,At-Risk
13740,240,5,1582.77,2,3,3,At-Risk
17867,29,15,1582.05,3,4,3,Loyal
14719,1,5,1581.84,4,3,3,Loyal
15279,354,5,1580.54,2,3,3,At-Risk
13202,393,7,1580.3,1,4,3,At-Risk
14587,18,9,1580.29,4,4,3,Champions
13752,123,7,1579.83,2,4,3,At-Risk
17222,64,6,1579.51,3,3,3,Loyal
12607,59,1,1579.51,3,2,3,New / Promising
17649,137,3,1578.89,2,3,3,At-Risk
13186,39,3,1575.89,3,3,3,Loyal
12549,575,6,1575.68,1,3,3,At-Risk
13337,545,1,1575.26,1,2,3,Lost
14489,206,4,1574.93,2,3,3,At-Risk
16099,49,7,1573.2,3,4,3,Loyal
17886,31,6,1572.55,3,3,3,Loyal
14136,400,5,1570.81,1,3,3,At-Risk
14198,17,9,1569.73,4,4,3,Champions
13539,85,7,1569.36,3,4,3,Loyal
17624,14,4,1568.63,4,3,3,Loyal
16774,67,8,1567.48,3,4,3,Loyal
17235,24,8,1562.98,4,4,3,Champions
13939,22,7,1560.96,4,4,3,Champions
15466,84,4,1560.46,3,3,3,Loyal
12629,385,2,1558.22,1,2,3,Lost
14236,80,5,1555.34,3,3,3,Loyal
16394,56,5,1555.34,3,3,3,Loyal
15149,133,5,1554.61,2,3,3,At-Risk
18149,50,7,1553.96,3,4,3,Loyal
13360,431,4,1553.65,1,3,3,At-Risk
14078,101,9,1553.47,2,4,3,At-Risk
15074,104,3,1553.13,2,3,3,At-Risk
13377,396,2,1552.88,1,2,3,Lost
17851,421,6,1552.35,1,3,3,At-Risk
17323,14,12,1551.04,4,4,3,Champions
14987,15,8,1550.65,4,4,3,Champions
14186,426,5,1550.63,1,3,3,At-Risk
16366,18,4,1548.13,4,3,3,Loyal
17454,191,10,1547.94,2,4,3,At-Risk
14754,44,6,1547.93,3,3,3,Loyal
16461,177,3,1545.83,2,3,3,At-Risk
16790,3,6,1545.62,4,3,3,Loyal
16017,46,5,1545.58,3,3,3,Loyal
18036,31,11,1545.49,3,4,3,Loyal
15732,211,10,1543.97,2,4,3,At-Risk
16915,8,11,1543.18,4,4,3,Champions
13783,487,4,1542.09,1,3,3,At-Risk
12818,261,1,1542.08,2,2,3,Lost
17837,41,8,1541.23,3,4,3,Loyal
13310,27,5,1541.2,3,3,3,Loyal
15987,11,8,1535.99,4,4,3,Champions
15798,492,3,1535.37,1,3,3,At-Risk
14695,518,3,1534.22,1,3,3,At-Risk
18252,50,7,1533.69,3,4,3,Loyal
16491,46,2,1533.16,3,2,3,New / Promising
14567,56,2,1530.36,3,2,3,New / Promising
15701,1,4,1529.0,4,3,3,Loyal
17990,236,6,1527.61,2,3,3,At-Risk
12926,410,4,1523.97,1,3,3,At-Risk
16244,211,2,1522.75,2,2,3,Lost
15587,49,7,1522.08,3,4,3,Loyal
16066,16,5,1521.04,4,3,3,Loyal
14055,105,3,1520.96,2,3,3,At-Risk
14264,154,6,1517.36,2,3,3,At-Risk
14068,319,4,1516.72,2,3,3,At-Risk
14267,162,3,1516.24,2,3,3,At-Risk
13791,127,2,1516.0,2,2,3,Lost
14220,246,4,1515.0,2,3,3,At-Risk
14682,187,6,1514.81,2,3,3,At-Risk
17764,50,5,1513.57,3,3,3,Loyal
17610,539,5,1511.94,1,3,3,At-Risk
17977,28,2,1511.45,3,2,3,New / Promising
16037,269,5,1509.34,2,3,3,At-Risk
15948,7,3,1509.09,4,3,3,Loyal
16910,3,8,1508.96,4,4,3,Champions
13158,94,5,1508.18,3,3,3,Loyal
15261,134,4,1508.0,2,3,3,At-Risk
17179,177,6,1507.26,2,3,3,At-Risk
18022,35,5,1507.25,3,3,3,Loyal
15110,23,6,1505.85,4,3,3,Loyal
16450,149,3,1505.73,2,3,3,At-Risk
14802,437,2,1502.98,1,2,3,Lost
13810,28,3,1499.01,3,3,3,Loyal
16714,218,4,1497.33,2,3,3,At-Risk
15590,381,5,1496.6,1,3,3,At-Risk
16340,106,3,1496.24,2,3,3,At-Risk
15173,380,7,1494.6,1,4,3,At-Risk
14894,84,3,1492.81,3,3,3,Loyal
16239,56,6,1492.2,3,3,3,Loyal
16314,389,3,1491.4,1,3,3,At-Risk
18268,133,6,1490.23,2,3,3,At-Risk
13042,597,3,1488.59,1,3,3,At-Risk
17290,3,8,1487.96,4,4,3,Champions
14609,71,10,1486.2,3,4,3,Loyal
16654,140,8,1484.07,2,4,3,At-Risk
15630,44,3,1481.4,3,3,3,Loyal
15101,8,6,1477.94,4,3,3,Loyal
13240,95,8,1475.79,2,4,3,At-Risk
14246,110,3,1474.06,2,3,3,At-Risk
16907,28,9,1470.89,3,4,3,Loyal
17590,1,3,1468.02,4,3,3,Loyal
13500,22,4,1466.3,4,3,3,Loyal
16419,112,8,1463.7,2,4,3,At-Risk
12882,8,2,1463.04,4,2,3,New / Promising
16586,248,3,1462.78,2,3,3,At-Risk
18196,94,4,1457.19,3,3,3,Loyal
16835,127,6,1456.66,2,3,3,At-Risk
14829,28,7,1455.87,3,4,3,Loyal
15071,93,4,1455.56,3,3,3,Loyal
16569,2,5,1455.23,4,3,3,Loyal
13649,256,6,1453.68,2,3,3,At-Risk
12970,6,10,1453.6,4,4,3,Champions
17259,147,6,1452.39,2,3,3,At-Risk
13165,45,3,1451.16,3,3,3,Loyal
13361,471,2,1450.5,1,2,3,Lost
14657,17,6,1450.19,4,3,3,Loyal
16121,56,5,1450.04,3,3,3,Loyal
15876,408,2,1449.14,1,2,3,Lost
13023,63,3,1449.03,3,3,3,Loyal
15076,172,3,1447.74,2,3,3,At-Risk
17582,235,5,1446.95,2,3,3,At-Risk
17073,17,4,1446.09,4,3,3,Loyal
13583,155,2,1445.03,2,2,3,Lost
15636,89,4,1444.58,3,3,3,Loyal
17175,43,4,1443.69,3,3,3,Loyal
17734,53,6,1442.32,3,3,3,Loyal
18106,329,6,1441.06,2,3,3,At-Risk
18066,74,3,1440.4,3,3,3,Loyal
13543,633,2,1439.61,1,2,3,Lost
14071,3,8,1437.57,4,4,3,Champions
16088,575,2,1437.43,1,2,3,Lost
13278,40,4,1435.85,3,3,3,Loyal
12805,381,4,1434.95,1,3,3,At-Risk
16140,65,3,1433.46,3,3,3,Loyal
12389,402,3,1433.33,1,3,3,At-Risk
17941,130,4,1433.28,2,3,3,At-Risk
13531,204,6,1433.07,2,3,3,At-Risk
13475,190,4,1431.78,2,3,3,At-Risk
15427,32,3,1430.54,3,3,3,Loyal
15468,50,3,1430.48,3,3,3,Loyal
14684,25,6,1430.03,3,3,3,Loyal
13159,8,4,1429.35,4,3,3,Loyal
15889,156,8,1427.6,2,4,3,At-Risk
14412,42,3,1426.19,3,3,3,Loyal
17411,11,5,1425.38,4,3,3,Loyal
18221,21,6,1424.94,4,3,3,Loyal
16980,254,3,1422.83,2,3,3,At-Risk
17438,253,5,1422.77,2,3,3,At-Risk
15106,17,5,1422.52,4,3,3,Loyal
16463,20,4,1422.4,4,3,3,Loyal
14019,46,3,1421.61,3,3,3,Loyal
15799,75,4,1421.34,3,3,3,Loyal
16173,15,6,1418.32,4,3,3,Loyal
17856,1,4,1418.03,4,3,3,Loyal
15223,225,5,1417.95,2,3,3,At-Risk
16245,23,3,1413.66,4,3,3,Loyal
17496,358,4,1412.89,2,3,3,At-Risk
15237,1,4,1412.32,4,3,3,Loyal
16848,52,4,1411.62,3,3,3,Loyal
15444,8,2,1411.21,4,2,3,New / Promising
16906,81,7,1410.92,3,4,3,Loyal
17714,320,5,1410.18,2,3,3,At-Risk
17545,42,6,1409.86,3,3,3,Loyal
16854,416,2,1408.96,1,2,3,Lost
13049,63,4,1408.24,3,3,3,Loyal
12695,6,7,1407.12,4,4,3,Champions
15652,90,5,1405.94,3,3,3,Loyal
14909,436,3,1404.68,1,3,3,At-Risk
12765,471,6,1404.58,1,3,3,At-Risk
18189,77,3,1403.73,3,3,3,Loyal
15186,13,5,1403.2,4,3,3,Loyal
13259,61,9,1402.54,3,4,3,Loyal
14687,106,3,1402.06,2,3,3,At-Risk
18202,199,3,1396.99,2,3,3,At-Risk
16129,406,3,1396.05,1,3,3,At-Risk
15322,85,2,1390.86,3,2,3,New / Promising
15141,457,7,1388.47,1,4,3,At-Risk
12952,5,4,1387.79,4,3,3,Loyal
13382,280,5,1387.58,2,3,3,At-Risk
15996,87,7,1386.4,3,4,3,Loyal
16167,413,5,1386.12,1,3,3,At-Risk
18167,22,3,1384.86,4,3,3,Loyal
13572,205,1,1384.25,2,2,3,Lost
14116,19,5,1382.74,4,3,3,Loyal
16389,52,4,1382.07,3,3,3,Loyal
14861,51,10,1380.73,3,4,3,Loyal
15751,460,11,1380.44,1,4,3,At-Risk
13821,144,6,1379.08,2,3,3,At-Risk
17878,43,3,1378.93,3,3,3,Loyal
13074,510,4,1378.74,1,3,3,At-Risk
12886,67,2,1378.4,3,2,3,New / Promising
16727,363,4,1377.77,2,3,3,At-Risk
14853,23,5,1376.87,4,3,3,Loyal
14662,28,7,1376.43,3,4,3,Loyal
15580,376,8,1375.39,2,4,3,At-Risk
13579,14,5,1374.34,4,3,3,Loyal
14265,108,4,1373.35,2,3,3,At-Risk
14434,21,6,1372.8,4,3,3,Loyal
15453,1,7,1371.77,4,4,3,Champions
14538,64,5,1370.84,3,3,3,Loyal
13155,32,6,1370.48,3,3,3,Loyal
14316,421,5,1370.34,1,3,3,At-Risk
12533,627,2,1367.89,1,2,3,Lost
16300,429,3,1367.32,1,3,3,At-Risk
13035,73,3,1364.2,3,3,3,Loyal
14577,12,7,1364.15,4,4,3,Champions
14114,273,7,1364.09,2,4,3,At-Risk
13760,53,5,1363.64,3,3,3,Loyal
16588,385,4,1361.28,1,3,3,At-Risk
13396,28,2,1360.99,3,2,3,New / Promising
13919,58,4,1360.68,3,3,3,Loyal
16384,89,4,1358.95,3,3,3,Loyal
17150,376,6,1357.95,2,3,3,At-Risk
17429,127,5,1357.46,2,3,3,At-Risk
12875,142,5,1356.99,2,3,3,At-Risk
17054,27,5,1356.33,3,3,3,Loyal
15116,17,4,1352.75,4,3,3,Loyal
16079,16,3,1352.0,4,3,3,Loyal
16367,36,3,1350.48,3,3,3,Loyal
17025,60,5,1349.67,3,3,3,Loyal
14847,148,3,1348.95,2,3,3,At-Risk
15411,25,4,1348.93,3,3,3,Loyal
16669,23,3,1348.88,4,3,3,Loyal
12646,4,2,1346.97,4,2,3,New / Promising
14320,206,5,1346.75,2,3,3,At-Risk
13639,73,2,1346.27,3,2,3,New / Promising
15398,15,2,1345.53,4,2,3,New / Promising
12426,194,2,1345.21,2,2,3,Lost
14550,10,4,1345.06,4,3,3,Loyal
12463,52,4,1344.78,3,3,3,Loyal
15154,74,3,1343.72,3,3,3,Loyal
14618,8,7,1342.32,4,3,3,Loyal
18085,329,4,1341.85,2,3,3,At-Risk
13743,2,7,1341.6,4,3,3,Loyal
17499,289,2,1341.39,2,2,3,Lost
17951,39,4,1340.58,3,3,3,Loyal
12620,14,3,1339.41,4,3,3,Loyal
12711,611,2,1339.05,1,2,3,Lost
12591,316,3,1338.95,2,3,3,At-Risk
13803,254,3,1338.91,2,3,3,At-Risk
13506,315,5,1338.08,2,3,3,At-Risk
13220,77,5,1336.09,3,3,3,Loyal
12919,7,6,1335.19,4,3,3,Loyal
17033,85,4,1332.79,3,3,3,Loyal
17932,28,3,1331.57,3,3,3,Loyal
14899,394,1,1331.38,1,2,3,Lost
16295,9,4,1328.55,4,3,3,Loyal
13232,12,7,1328.35,4,3,3,Loyal
14712,28,4,1328.07,3,3,3,Loyal
15146,164,2,1327.16,2,2,3,Lost
14956,420,1,1325.0,1,2,3,Lost
12960,413,4,1322.07,1,3,3,At-Risk
14591,14,4,1320.21,4,3,3,Loyal
12526,0,3,1316.66,4,3,3,Loyal
14921,29,2,1316.07,3,2,3,New / Promising
14511,10,5,1314.81,4,3,3,Loyal
14973,106,3,1314.45,2,3,3,At-Risk
16296,625,4,1313.67,1,3,3,At-Risk
13282,17,4,1313.19,4,3,3,Loyal
12364,7,4,1313.1,4,3,3,Loyal
12639,238,3,1312.37,2,3,3,At-Risk
16756,214,7,1312.37,2,3,3,At-Risk
12987,73,5,1312.21,3,3,3,Loyal
17027,78,9,1310.63,3,4,3,Loyal
13855,500,4,1310.34,1,3,3,At-Risk
12717,150,3,1308.91,2,3,3,At-Risk
13328,315,1,1308.48,2,2,3,Lost
16377,266,2,1308.48,2,2,3,Lost
13846,24,4,1307.79,4,3,3,Loyal
16282,339,3,1307.58,2,3,3,At-Risk
16894,501,3,1306.96,1,3,3,At-Risk
15677,48,3,1305.63,3,3,3,Loyal
14297,17,4,1305.33,4,3,3,Loyal
15813,207,2,1303.91,2,2,3,Lost
15400,91,8,1302.3,3,4,3,Loyal
16370,81,4,1301.91,3,3,3,Loyal
16574,70,3,1301.78,3,3,3,Loyal
15108,141,4,1300.25,2,3,3,At-Risk
14284,30,3,1299.65,3,3,3,Loyal
14480,10,4,1299.52,4,3,3,Loyal
16943,211,5,1299.49,2,3,3,At-Risk
16464,19,3,1298.66,4,3,3,Loyal
12488,9,3,1298.66,4,3,3,Loyal
12372,71,3,1298.04,3,3,3,Loyal
18286,476,2,1296.43,1,2,3,Lost
16929,3,7,1295.39,4,3,3,Loyal
13440,422,7,1295.25,1,3,3,At-Risk
16212,18,4,1293.71,4,3,3,Loyal
15621,3,4,1293.03,4,3,3,Loyal
16777,79,5,1292.18,3,3,3,Loyal
15471,1,3,1292.01,4,3,3,Loyal
16744,10,7,1291.91,4,3,3,Loyal
17109,28,8,1291.71,3,4,3,Loyal
14619,245,2,1291.24,2,2,3,Lost
14856,35,3,1290.53,3,3,3,Loyal
16372,32,5,1290.31,3,3,3,Loyal
15171,330,1,1289.5,2,2,3,Lost
14679,381,3,1289.44,1,3,3,At-Risk
15774,68,6,1288.34,3,3,3,Loyal
15136,2,4,1286.7,4,3,3,Loyal
16608,453,2,1286.62,1,2,3,Lost
16949,3,6,1286.27,4,3,3,Loyal
13300,168,3,1285.51,2,3,3,At-Risk
13617,39,8,1278.75,3,4,3,Loyal
17521,29,5,1278.06,3,3,3,Loyal
16951,134,3,1277.75,2,3,3,At-Risk
14478,381,4,1276.66,1,3,3,At-Risk
17034,15,5,1276.42,4,3,3,Loyal
13916,463,4,1275.81,1,3,3,At-Risk
17142,238,4,1275.25,2,3,3,At-Risk
14820,20,9,1274.76,4,4,3,Champions
15809,35,7,1274.44,3,3,3,Loyal
14167,38,8,1274.29,3,4,3,Loyal
13138,21,7,1274.01,4,3,3,Loyal
14490,405,2,1273.47,1,2,3,Lost
13443,448,6,1273.16,1,3,3,At-Risk
17478,407,2,1272.8,1,2,3,Lost
12394,63,2,1272.48,3,2,3,New / Promising
17341,156,5,1272.21,2,3,3,At-Risk
16222,317,2,1272.05,2,2,3,Lost
12630,9,2,1270.88,4,2,3,New / Promising
13492,135,3,1269.84,2,3,3,At-Risk
15439,404,4,1269.05,1,3,3,At-Risk
15584,23,6,1268.2,4,3,3,Loyal
13892,26,6,1267.65,3,3,3,Loyal
17037,87,1,1267.32,3,2,3,New / Promising
17531,189,3,1266.82,2,3,3,At-Risk
14487,26,7,1266.27,3,3,3,Loyal
13515,72,6,1265.82,3,3,3,Loyal
17635,423,3,1265.58,1,3,3,At-Risk
14379,43,4,1265.16,3,3,3,Loyal
16842,100,3,1264.19,2,3,3,At-Risk
14427,49,4,1263.52,3,3,3,Loyal
17759,16,5,1261.88,4,3,3,Loyal
16688,0,4,1260.86,4,3,3,Loyal
14984,18,6,1260.51,4,3,3,Loyal
18035,35,5,1260.23,3,3,3,Loyal
17343,354,6,1259.94,2,3,3,At-Risk
12993,22,8,1259.63,4,4,3,Champions
13689,62,2,1259.5,3,2,3,New / Promising
15009,11,3,1259.43,4,3,3,Loyal
15651,36,5,1259.06,3,3,3,Loyal
14474,45,2,1258.89,3,2,3,New / Promising
14931,4,5,1257.68,4,3,3,Loyal
12402,322,6,1256.9,2,3,3,At-Risk
17481,3,4,1255.59,4,3,3,Loyal
17862,323,4,1254.89,2,3,3,At-Risk
14419,10,7,1254.64,4,3,3,Loyal
15064,409,4,1254.41,1,3,3,At-Risk
15441,395,3,1254.21,1,3,3,At-Risk
15664,50,4,1254.03,3,3,3,Loyal
16292,121,5,1253.76,2,3,3,At-Risk
14725,24,4,1252.74,4,3,3,Loyal
15579,68,5,1250.63,3,3,3,Loyal
15599,26,3,1250.06,3,3,3,Loyal
18135,28,10,1249.62,3,4,3,Loyal
14020,16,4,1249.01,4,3,3,Loyal
12666,393,1,1248.42,1,2,3,Lost
14383,37,3,1247.69,3,3,3,Loyal
12689,25,2,1247.61,3,2,3,New / Promising
14240,29,3,1247.49,3,3,3,Loyal
13860,0,5,1245.9,4,3,3,Loyal
17076,35,6,1242.75,3,3,3,Loyal
17529,609,2,1240.25,1,2,3,Lost
13863,247,4,1239.55,2,3,3,At-Risk
12985,0,2,1239.38,4,2,3,New / Promising
17796,39,7,1236.39,3,3,3,Loyal
14231,183,4,1235.62,2,3,3,At-Risk
13201,501,4,1233.06,1,3,3,At-Risk
12605,375,4,1232.95,2,3,3,At-Risk
16527,80,2,1232.94,3,2,3,New / Promising
16159,281,4,1232.79,2,3,3,At-Risk
18080,18,2,1231.5,4,2,3,New / Promising
16723,90,4,1231.36,3,3,3,Loyal
14821,366,7,1230.15,2,3,3,At-Risk
12673,4,3,1230.02,4,3,3,Loyal
13019,378,6,1229.95,2,3,3,At-Risk
14871,2,9,1228.17,4,4,3,Champions
17342,379,4,1227.54,1,3,3,At-Risk
12866,282,3,1227.35,2,3,3,At-Risk
15800,106,7,1227.07,2,3,3,At-Risk
13402,126,4,1226.85,2,3,3,At-Risk
15269,23,3,1225.36,4,3,3,Loyal
15303,289,3,1224.18,2,3,3,At-Risk
14428,6,5,1224.06,4,3,3,Loyal
13787,75,6,1222.5,3,3,3,Loyal
16946,382,5,1222.04,1,3,3,At-Risk
15376,39,3,1221.56,3,3,3,Loyal
17132,451,2,1220.91,1,2,3,Lost
14430,511,3,1220.9,1,3,3,At-Risk
15004,146,1,1220.77,2,2,3,Lost
13243,202,5,1220.38,2,3,3,At-Risk
13299,267,3,1218.7,2,3,3,At-Risk
13304,350,4,1217.99,2,3,3,At-Risk
14698,1,5,1217.27,4,3,3,Loyal
15390,395,2,1216.66,1,2,3,Lost
14512,187,7,1215.97,2,3,3,At-Risk
15661,316,8,1215.95,2,4,3,At-Risk
17410,15,5,1214.72,4,3,3,Loyal
13405,73,6,1213.81,3,3,3,Loyal
18263,25,3,1213.16,3,3,3,Loyal
16872,76,6,1213.13,3,3,3,Loyal
13918,49,2,1212.84,3,2,3,New / Promising
16653,15,2,1212.66,4,2,3,New / Promising
12464,9,8,1212.05,4,4,3,Champions
15377,382,4,1211.75,1,3,3,At-Risk
14193,67,3,1210.19,3,3,3,Loyal
17653,36,4,1207.56,3,3,3,Loyal
16830,38,4,1207.5,3,3,3,Loyal
18193,164,3,1207.35,2,3,3,At-Risk
16762,19,3,1207.24,4,3,3,Loyal
12742,625,1,1201.52,1,2,3,Lost
17360,16,6,1200.51,4,3,3,Loyal
14446,0,5,1200.28,4,3,3,Loyal
15181,65,5,1200.2,3,3,3,Loyal
15600,427,4,1199.31,1,3,3,At-Risk
17397,21,3,1198.28,4,3,3,Loyal
17713,381,4,1198.09,1,3,3,At-Risk
16307,428,3,1194.92,1,3,3,At-Risk
15145,3,4,1194.73,4,3,3,Loyal
13723,216,6,1194.08,2,3,3,At-Risk
14382,25,2,1193.63,3,2,3,New / Promising
14201,59,10,1193.54,3,4,3,Loyal
12611,51,1,1193.32,3,2,3,New / Promising
13293,391,6,1192.94,1,3,3,At-Risk
13976,206,4,1192.36,2,3,3,At-Risk
14213,404,1,1192.2,1,2,3,Lost
16501,382,1,1191.23,1,2,3,Lost
13882,2,5,1191.13,4,3,3,Loyal
16471,274,4,1189.98,2,3,3,At-Risk
12462,18,2,1189.59,4,2,3,New / Promising
17239,312,4,1189.45,2,3,3,At-Risk
14275,395,6,1189.38,1,3,3,At-Risk
18057,392,3,1188.46,1,3,3,At-Risk
15573,31,5,1188.42,3,3,3,Loyal
18181,23,5,1188.34,4,3,3,Loyal
15737,14,8,1188.12,4,4,3,Champions
17800,36,9,1187.21,3,4,3,Loyal
13388,130,3,1185.65,2,3,3,At-Risk
18060,407,2,1185.46,1,2,3,Lost
14206,238,3,1185.01,2,3,3,At-Risk
15259,512,4,1182.38,1,3,3,At-Risk
17021,441,6,1182.22,1,3,3,At-Risk
13526,737,2,1182.0,1,2,3,Lost
13395,184,3,1180.23,2,3,3,At-Risk
18277,57,5,1180.05,3,3,3,Loyal
17058,81,3,1179.89,3,3,3,Loyal
16614,182,3,1179.79,2,3,3,At-Risk
16693,68,5,1179.48,3,3,3,Loyal
13797,436,3,1179.45,1,3,3,At-Risk
16345,43,2,1178.79,3,2,3,New / Promising
18025,379,6,1177.72,2,3,3,At-Risk
17539,617,4,1176.84,1,3,3,At-Risk
13233,73,4,1176.46,3,3,3,Loyal
15210,224,3,1176.19,2,3,3,At-Risk
14370,450,6,1175.78,1,3,3,At-Risk
15994,54,3,1175.68,3,3,3,Loyal
12885,62,3,1175.22,3,3,3,Loyal
15068,45,4,1174.9,3,3,3,Loyal
12640,23,3,1174.58,4,3,3,Loyal
14126,7,4,1172.46,4,3,3,Loyal
12691,27,7,1170.4,3,3,3,Loyal
18071,257,6,1169.68,2,3,3,At-Risk
16926,370,5,1169.61,2,3,3,At-Risk
17373,39,7,1167.5,3,3,3,Loyal
13497,282,6,1166.83,2,3,3,At-Risk
17950,71,7,1166.29,3,3,3,Loyal
17664,18,4,1166.23,4,3,3,Loyal
14693,264,7,1165.36,2,3,3,At-Risk
14261,50,2,1163.45,3,2,3,New / Promising
16800,10,1,1162.65,4,2,3,New / Promising
15347,365,4,1162.0,2,3,3,At-Risk
17525,359,3,1161.9,2,3,3,At-Risk
12546,46,2,1161.5,3,2,3,New / Promising
12972,413,4,1161.2,1,3,3,At-Risk
13897,49,3,1160.72,3,3,3,Loyal
13459,624,2,1160.41,1,2,3,Lost
15088,20,2,1160.07,4,2,3,New / Promising
17978,364,4,1159.99,2,3,3,At-Risk
13601,44,4,1159.99,3,3,3,Loyal
16838,196,4,1159.61,2,3,3,At-Risk
13499,17,5,1159.11,4,3,3,Loyal
17513,71,3,1158.8,3,3,3,Loyal
16184,63,6,1158.79,3,3,3,Loyal
17169,57,3,1156.73,3,3,3,Loyal
14788,6,3,1156.32,4,3,3,Loyal
17127,428,5,1155.03,1,3,3,At-Risk
16637,31,4,1154.47,3,3,3,Loyal
13462,252,5,1153.85,2,3,3,At-Risk
14818,73,6,1153.56,3,3,3,Loyal
17984,144,5,1152.19,2,3,3,At-Risk
14475,71,4,1151.15,3,3,3,Loyal
12475,53,2,1149.64,3,2,3,New / Promising
12710,96,3,1149.02,2,3,3,At-Risk
14308,548,2,1147.02,1,2,3,Lost
15038,58,9,1146.53,3,4,3,Loyal
16766,272,2,1145.6,2,2,3,Lost
17477,612,2,1144.3,1,2,3,Lost
12769,238,1,1143.6,2,2,3,Lost
17097,1,9,1143.36,4,4,3,Champions
17770,198,5,1143.27,2,3,3,At-Risk
14585,49,5,1143.27,3,3,3,Loyal
17201,53,4,1143.1,3,3,3,Loyal
12439,682,2,1142.88,1,2,3,Lost
17908,373,5,1142.47,2,3,3,At-Risk
13856,168,11,1142.03,2,4,3,At-Risk
16270,352,1,1141.24,2,2,3,Lost
16521,414,3,1140.11,1,3,3,At-Risk
15586,592,3,1139.1,1,3,3,At-Risk
17500,16,3,1138.0,4,3,3,Loyal
15879,403,4,1137.8,1,3,3,At-Risk
17302,14,5,1135.63,4,3,3,Loyal
17866,142,3,1134.95,2,3,3,At-Risk
13109,59,3,1134.03,3,3,3,Loyal
15022,11,5,1133.44,4,3,3,Loyal
16989,6,6,1133.25,4,3,3,Loyal
18125,29,4,1131.75,3,3,3,Loyal
15500,7,4,1131.56,4,3,3,Loyal
13393,583,4,1131.45,1,3,3,At-Risk
12616,94,3,1131.1,3,3,3,Loyal
15695,266,4,1131.04,2,3,3,At-Risk
17622,597,2,1130.21,1,2,3,Lost
13447,22,3,1129.14,4,3,3,Loyal
13145,39,7,1128.52,3,3,3,Loyal
14450,180,7,1128.44,2,3,3,At-Risk
12373,310,3,1127.65,2,3,3,At-Risk
14671,548,2,1127.45,1,2,3,Lost
15969,2,5,1127.05,4,3,3,Loyal
12503,583,1,1126.0,1,2,3,Lost
13167,18,5,1125.15,4,3,3,Loyal
16306,213,7,1124.72,2,3,3,At-Risk
14479,253,4,1124.71,2,3,3,At-Risk
15882,198,8,1124.66,2,4,3,At-Risk
13778,102,4,1124.49,2,3,3,At-Risk
14917,596,2,1123.75,1,2,3,Lost
17492,247,3,1122.42,2,3,3,At-Risk
13486,77,3,1122.41,3,3,3,Loyal
17562,13,7,1122.38,4,3,3,Loyal
18218,210,4,1121.84,2,3,3,At-Risk
13368,256,4,1121.5,2,3,3,At-Risk
13589,14,6,1120.74,4,3,3,Loyal
16955,184,6,1120.31,2,3,3,At-Risk
17007,50,7,1120.1,3,3,3,Loyal
16354,62,5,1119.46,3,3,3,Loyal
17423,45,3,1118.95,3,3,3,Loyal
16430,56,7,1117.94,3,3,3,Loyal
17788,73,2,1117.9,3,2,3,New / Promising
16278,99,3,1117.84,2,3,3,At-Risk
16769,259,4,1117.05,2,3,3,At-Risk
14080,32,5,1115.68,3,3,3,Loyal
13509,8,8,1114.72,4,4,3,Champions
14672,234,4,1113.14,2,3,3,At-Risk
12679,58,4,1113.02,3,3,3,Loyal
12648,154,4,1112.0,2,3,3,At-Risk
16139,18,5,1111.15,4,3,3,Loyal
16702,414,4,1110.83,1,3,3,At-Risk
15069,178,1,1109.53,2,2,3,Lost
15559,567,1,1109.4,1,2,3,Lost
15828,374,1,1108.82,2,2,3,Lost
15933,20,3,1107.46,4,3,3,Loyal
14375,184,3,1106.82,2,3,3,At-Risk
14891,147,4,1106.73,2,3,3,At-Risk
14102,4,5,1105.88,4,3,3,Loyal
12434,84,3,1103.43,3,3,3,Loyal
16895,64,5,1102.9,3,3,3,Loyal
13295,359,4,1101.97,2,3,3,At-Risk
14948,22,6,1101.97,4,3,3,Loyal
15574,177,6,1101.44,2,3,3,At-Risk
12785,363,3,1100.4,2,3,3,At-Risk
16014,37,5,1100.28,3,3,3,Loyal
14009,197,3,1099.91,2,3,3,At-Risk
17137,415,6,1099.81,1,3,3,At-Risk
12421,15,6,1098.6,4,3,3,Loyal
14971,34,3,1097.98,3,3,3,Loyal
13835,24,7,1095.27,4,3,3,Loyal
17703,34,4,1094.84,3,3,3,Loyal
15745,18,4,1094.59,4,3,3,Loyal
14460,109,9,1093.5,2,4,3,At-Risk
12803,392,1,1092.81,1,2,3,Lost
17726,394,7,1092.06,1,3,3,At-Risk
14199,217,4,1091.7,2,3,3,At-Risk
16805,173,5,1091.34,2,3,3,At-Risk
16211,88,3,1090.59,3,3,3,Loyal
13853,56,1,1090.14,3,2,3,New / Promising
12534,130,1,1089.18,2,2,3,Lost
15254,126,3,1088.35,2,3,3,At-Risk
16188,44,5,1087.66,3,3,3,Loyal
16223,374,2,1087.05,2,2,3,Lost
15763,31,2,1086.92,3,2,3,New / Promising
14139,45,4,1086.8,3,3,3,Loyal
13546,11,5,1086.24,4,3,3,Loyal
16298,22,7,1085.7,4,3,3,Loyal
14013,109,5,1084.57,2,3,3,At-Risk
16533,18,3,1082.81,4,3,3,Loyal
14805,14,7,1082.55,4,3,3,Loyal
14083,3,11,1082.19,4,4,3,Champions
14561,75,3,1080.76,3,3,3,Loyal
13744,94,2,1080.52,3,2,3,New / Promising
14343,420,4,1079.66,1,3,3,At-Risk
13726,38,2,1079.66,3,2,3,New / Promising
12354,231,1,1079.4,2,2,3,Lost
13567,427,4,1079.29,1,3,3,At-Risk
15546,606,2,1079.1,1,2,3,Lost
14352,156,4,1078.96,2,3,3,At-Risk
13656,164,4,1078.85,2,3,3,At-Risk
16183,66,4,1077.81,3,3,3,Loyal
16642,4,3,1077.45,4,3,3,Loyal
17366,431,2,1077.24,1,2,3,Lost
16071,44,4,1076.8,3,3,3,Loyal
13607,39,2,1075.81,3,2,3,New / Promising
15912,177,9,1074.7,2,4,3,At-Risk
16231,378,4,1074.47,2,3,3,At-Risk
13727,28,8,1074.15,3,4,3,Loyal
15238,28,3,1071.99,3,3,3,Loyal
13467,10,2,1071.91,4,2,3,New / Promising
12801,500,1,1071.82,1,2,3,Lost
13521,0,3,1071.73,4,3,3,Loyal
16593,50,8,1071.14,3,4,3,Loyal
14484,49,4,1070.98,3,3,3,Loyal
16884,37,4,1070.97,3,3,3,Loyal
17522,1,5,1070.71,4,3,3,Loyal
12728,70,5,1070.17,3,3,3,Loyal
17871,204,5,1068.95,2,3,3,At-Risk
17854,184,6,1068.5,2,3,3,At-Risk
16386,28,3,1068.16,3,3,3,Loyal
15436,11,3,1067.75,4,3,3,Loyal
15626,74,3,1067.52,3,3,3,Loyal
17277,227,2,1065.35,2,2,3,Lost
15639,133,3,1065.08,2,3,3,At-Risk
13959,78,6,1064.77,3,3,3,Loyal
14488,67,1,1064.28,3,2,3,New / Promising
14966,14,6,1064.26,4,3,3,Loyal
15801,45,3,1063.95,3,3,3,Loyal
12936,16,4,1063.9,4,3,3,Loyal
17849,217,8,1063.76,2,4,3,At-Risk
12815,147,2,1063.46,2,2,3,Lost
14411,310,1,1063.0,2,2,3,Lost
15706,63,4,1060.56,3,3,3,Loyal
17727,14,1,1060.25,4,2,3,New / Promising
17421,385,3,1059.41,1,3,3,At-Risk
18130,14,3,1059.39,4,3,3,Loyal
17214,59,6,1059.12,3,3,3,Loyal
14734,425,4,1056.42,1,3,3,At-Risk
15645,18,3,1055.17,4,3,3,Loyal
13065,372,5,1055.05,2,3,3,At-Risk
13140,107,5,1054.92,2,3,3,At-Risk
15977,16,2,1054.73,4,2,3,New / Promising
12716,3,2,1053.49,4,2,3,New / Promising
12580,246,2,1052.9,2,2,3,Lost
15886,59,4,1052.87,3,3,3,Loyal
15855,136,6,1052.72,2,3,3,At-Risk
16391,400,4,1052.26,1,3,3,At-Risk
14947,71,6,1049.79,3,3,3,Loyal
13775,590,1,1049.66,1,2,3,Lost
17934,51,3,1049.15,3,3,3,Loyal
15026,79,5,1048.89,3,3,3,Loyal
15839,32,3,1048.49,3,3,3,Loyal
16728,45,4,1048.28,3,3,3,Loyal
17578,217,7,1047.33,2,3,3,At-Risk
17474,599,1,1047.0,1,2,3,Lost
15407,33,4,1046.74,3,3,3,Loyal
15091,67,3,1046.61,3,3,3,Loyal
17555,19,5,1045.74,4,3,3,Loyal
14108,30,4,1044.96,3,3,3,Loyal
15464,337,1,1044.65,2,2,3,Lost
15535,172,6,1044.37,2,3,3,At-Risk
13359,63,2,1043.31,3,2,3,New / Promising
16903,28,3,1041.75,3,3,3,Loyal
16991,420,1,1041.21,1,2,3,Lost
16261,16,6,1041.16,4,3,3,Loyal
13613,452,5,1039.85,1,3,3,At-Risk
13873,119,8,1038.92,2,4,3,At-Risk
12486,431,1,1037.28,1,2,3,Lost
17042,2,5,1036.58,4,3,3,Loyal
14902,25,3,1035.62,3,3,3,Loyal
17926,132,5,1035.49,2,3,3,At-Risk
16260,50,1,1035.45,3,2,3,New / Promising
12811,260,5,1033.9,2,3,3,At-Risk
17724,70,3,1033.0,3,3,3,Loyal
14248,317,3,1032.95,2,3,3,At-Risk
13000,106,4,1032.5,2,3,3,At-Risk
17405,0,3,1031.41,4,3,3,Loyal
13235,211,1,1031.07,2,2,3,Lost
16198,74,2,1030.04,3,2,3,New / Promising
16418,44,5,1028.74,3,3,3,Loyal
15333,207,1,1028.56,2,2,3,Lost
16682,4,5,1028.0,4,3,3,Loyal
16227,224,3,1027.22,2,3,3,At-Risk
15887,406,3,1027.15,1,3,3,At-Risk
15003,472,6,1027.03,1,3,3,At-Risk
17749,177,3,1026.18,2,3,3,At-Risk
16160,64,2,1025.44,3,2,3,New / Promising
13602,64,4,1025.17,3,3,3,Loyal
17310,386,2,1025.1,1,2,3,Lost
14204,1,4,1024.83,4,3,3,Loyal
17362,238,7,1024.04,2,3,3,At-Risk
16568,427,2,1020.9,1,2,3,Lost
12572,8,2,1020.42,4,2,3,New / Promising
13376,98,3,1019.76,2,3,3,At-Risk
18142,156,2,1019.52,2,2,3,Lost
18074,373,2,1019.44,2,2,3,Lost
12403,49,2,1019.36,3,2,3,New / Promising
13956,4,5,1019.27,4,3,3,Loyal
16441,66,5,1019.13,3,3,3,Loyal
12828,2,6,1018.71,4,3,3,Loyal
16284,30,3,1018.48,3,3,3,Loyal
12905,576,2,1018.42,1,2,3,Lost
16787,397,4,1017.53,1,3,3,At-Risk
15970,303,2,1017.32,2,2,3,Lost
12652,330,2,1017.03,2,2,3,Lost
13641,640,5,1016.47,1,3,3,At-Risk
13333,410,3,1015.74,1,3,3,At-Risk
14675,15,2,1015.58,4,2,3,New / Promising
16623,245,4,1015.24,2,3,3,At-Risk
12410,308,3,1013.71,2,3,3,At-Risk
13466,183,5,1013.35,2,3,3,At-Risk
12642,24,3,1013.26,4,3,3,Loyal
15951,8,3,1013.17,4,3,3,Loyal
16451,87,3,1013.15,3,3,3,Loyal
17197,29,1,1013.01,3,2,3,New / Promising
17980,165,4,1012.72,2,3,3,At-Risk
14775,57,3,1011.9,3,3,3,Loyal
13039,583,4,1010.73,1,3,3,At-Risk
16572,126,3,1009.6,2,3,3,At-Risk
13258,11,5,1009.43,4,3,3,Loyal
16287,169,5,1006.98,2,3,3,At-Risk
13429,10,4,1006.8,4,3,3,Loyal
15850,18,6,1006.75,4,3,3,Loyal
13238,16,6,1006.63,4,3,3,Loyal
15771,603,3,1006.54,1,3,3,At-Risk
12703,70,4,1006.53,3,3,3,Loyal
13427,18,6,1006.53,4,3,3,Loyal
13549,25,8,1005.8,3,4,3,Loyal
13867,30,3,1005.09,3,3,3,Loyal
14214,30,5,1004.38,3,3,3,Loyal
18160,56,3,1003.88,3,3,3,Loyal
16435,511,3,1003.07,1,3,3,At-Risk
12446,57,1,1002.31,3,2,3,New / Promising
13857,392,6,1001.01,1,3,3,At-Risk
14255,545,1,1000.63,1,2,3,Lost
12545,74,2,1000.39,3,2,3,New / Promising
15508,188,6,1000.27,2,3,3,At-Risk
18143,116,2,1000.16,2,2,3,Lost
13005,173,4,999.68,2,3,3,At-Risk
12413,66,4,999.45,3,3,3,Loyal
17205,53,3,999.35,3,3,3,Loyal
17329,13,5,998.53,4,3,3,Loyal
17631,1,7,998.49,4,3,3,Loyal
12722,84,4,997.63,3,3,3,Loyal
13965,476,3,996.61,1,3,3,At-Risk
16699,379,7,994.6,2,3,3,At-Risk
13292,38,5,994.51,3,3,3,Loyal
17237,10,4,994.13,4,3,3,Loyal
15104,196,2,993.54,2,2,3,Lost
17299,11,6,993.23,4,3,3,Loyal
14223,91,3,991.13,3,3,3,Loyal
13559,512,2,990.0,1,2,3,Lost
13245,50,2,989.22,3,2,3,New / Promising
17883,2,7,988.42,4,3,3,Loyal
15176,667,1,988.04,1,2,3,Lost
16130,421,4,987.48,1,3,3,At-Risk
18237,2,5,987.1,4,3,3,Loyal
13439,254,3,986.61,2,3,3,At-Risk
12862,425,2,984.62,1,2,3,Lost
17144,0,2,984.57,4,2,3,New / Promising
15109,245,3,983.1,2,3,3,At-Risk
12541,29,3,981.18,3,3,3,Loyal
12543,447,1,980.25,1,2,3,Lost
14510,375,3,979.85,2,3,3,At-Risk
14230,435,3,979.8,1,3,3,At-Risk
15025,32,2,979.79,3,2,3,New / Promising
17369,455,1,979.2,1,2,3,Lost
13350,15,2,979.12,4,2,3,New / Promising
14157,19,5,978.69,4,3,3,Loyal
15132,17,5,977.93,4,3,3,Loyal
14454,375,5,977.3,2,3,3,At-Risk
17123,161,3,977.17,2,3,3,At-Risk
17221,6,5,976.62,4,3,3,Loyal
15247,121,3,976.06,2,3,3,At-Risk
15406,30,4,975.87,3,3,3,Loyal
17456,364,2,975.56,2,2,3,Lost
12915,148,4,975.1,2,3,3,At-Risk
16376,8,2,974.96,4,2,3,New / Promising
15449,25,3,974.52,3,3,3,Loyal
12994,3,3,974.42,4,3,3,Loyal
17958,116,2,973.88,2,2,3,Lost
12525,497,3,973.73,1,3,3,At-Risk
16009,21,4,972.11,4,3,3,Loyal
16535,4,3,972.04,4,3,3,Loyal
14350,273,3,972.03,2,3,3,At-Risk
17100,17,2,971.74,4,2,3,New / Promising
14953,24,4,971.32,4,3,3,Loyal
15208,0,6,970.52,4,3,3,Loyal
18006,22,4,969.51,4,3,3,Loyal
13223,199,6,969.12,2,3,3,At-Risk
16254,377,3,967.44,2,3,3,At-Risk
13204,730,1,966.66,1,2,3,Lost
14138,1,2,965.88,4,2,3,New / Promising
17987,184,5,965.44,2,3,3,At-Risk
15084,379,2,965.2,1,2,3,Lost
12550,78,1,964.83,3,2,3,New / Promising
16763,198,2,964.7,2,2,3,Lost
15028,7,6,962.94,4,3,3,Loyal
15268,478,3,961.9,1,3,3,At-Risk
15156,0,3,961.49,4,3,3,Loyal
16518,60,4,959.37,3,3,3,Loyal
12588,38,4,958.78,3,3,3,Loyal
18192,71,1,957.97,3,2,3,New / Promising
12697,28,3,957.59,3,3,3,Loyal
17080,21,7,957.53,4,3,3,Loyal
12675,553,2,957.25,1,2,3,Lost
17172,78,3,956.57,3,3,3,Loyal
16141,87,2,955.94,3,2,3,New / Promising
12990,30,7,955.5,3,3,3,Loyal
14629,3,2,955.26,4,2,3,New / Promising
16947,235,5,955.21,2,3,3,At-Risk
12505,408,1,955.2,1,2,3,Lost
15430,467,2,954.75,1,2,3,Lost
17298,100,5,954.26,2,3,3,At-Risk
15835,43,4,954.09,3,3,3,Loyal
17189,105,5,953.63,2,3,3,At-Risk
17420,49,6,953.58,3,3,3,Loyal
12414,216,6,952.41,2,3,3,At-Risk
14615,393,5,951.76,1,3,3,At-Risk
17955,198,6,949.9,2,3,3,At-Risk
12767,375,1,949.82,2,2,3,Lost
17081,24,6,949.39,4,3,3,Loyal
13046,30,3,949.25,3,3,3,Loyal
13636,36,5,949.12,3,3,3,Loyal
15177,425,1,948.93,1,2,3,Lost
12822,70,2,948.88,3,2,3,New / Promising
12874,384,2,948.42,1,2,3,Lost
12355,213,2,947.61,2,2,3,Lost
17516,14,6,947.5,4,3,3,Loyal
16136,59,4,946.8,3,3,3,Loyal
14994,381,5,946.72,1,3,3,At-Risk
16861,59,5,946.59,3,3,3,Loyal
17356,311,5,946.47,2,3,3,At-Risk
16146,156,4,946.38,2,3,3,At-Risk
18217,28,4,945.04,3,3,3,Loyal
17544,389,3,944.82,1,3,3,At-Risk
13261,268,2,944.1,2,2,3,Lost
16203,58,6,943.84,3,3,3,Loyal
16199,391,7,942.75,1,3,3,At-Risk
17604,216,6,942.38,2,3,3,At-Risk
15385,39,3,942.08,3,3,3,Loyal
14958,146,6,941.99,2,3,3,At-Risk
14326,241,3,940.98,2,3,3,At-Risk
13416,43,3,940.8,3,3,3,Loyal
13936,179,3,939.66,2,3,3,At-Risk
16109,218,3,939.48,2,3,3,At-Risk
17527,53,4,939.37,3,3,3,Loyal
17020,541,2,935.62,1,2,3,Lost
14140,3,2,935.05,4,2,3,New / Promising
15792,399,2,933.84,1,2,3,Lost
15787,25,3,933.26,3,3,3,Loyal
16661,539,4,932.76,1,3,3,At-Risk
18154,2,5,932.6,4,3,3,Loyal
18133,211,1,931.5,2,2,3,Lost
12396,673,1,931.43,1,2,3,Lost
13465,445,2,931.12,1,2,3,Lost
14924,245,3,931.01,2,3,3,At-Risk
15723,364,4,930.7,2,3,3,At-Risk
14338,160,3,928.1,2,3,3,At-Risk
13288,442,5,927.61,1,3,3,At-Risk
15243,73,2,927.28,3,2,3,New / Promising
17805,73,2,927.03,3,2,3,New / Promising
16975,422,3,926.12,1,3,3,At-Risk
12745,486,3,925.41,1,3,3,At-Risk
13805,51,2,924.6,3,2,3,New / Promising
14128,60,3,924.21,3,3,3,Loyal
18001,11,6,924.14,4,3,3,Loyal
16643,245,2,923.11,2,2,3,Lost
17322,375,5,922.59,2,3,3,At-Risk
15654,8,2,922.53,4,2,3,New / Promising
13122,93,2,922.39,3,2,3,New / Promising
17472,190,4,922.35,2,3,3,At-Risk
16362,31,6,922.16,3,3,3,Loyal
13934,263,1,922.1,2,2,3,Lost
14605,373,4,921.56,2,3,3,At-Risk
12638,32,2,921.49,3,2,3,New / Promising
15576,37,1,921.37,3,2,3,New / Promising
15957,31,3,921.25,3,3,3,Loyal
14272,73,4,920.81,3,3,3,Loyal
17363,394,3,920.46,1,3,3,At-Risk
12998,492,3,920.08,1,3,3,At-Risk
14568,434,1,919.7,1,2,3,Lost
13075,129,1,919.61,2,2,3,Lost
13872,526,3,919.57,1,3,3,At-Risk
16204,22,3,918.71,4,3,3,Loyal
14342,20,6,918.44,4,3,3,Loyal
12368,627,1,917.7,1,2,3,Lost
14061,506,3,917.43,1,3,3,At-Risk
14015,52,1,917.34,3,2,3,New / Promising
15707,34,4,916.98,3,3,3,Loyal
14423,217,3,916.61,2,3,3,At-Risk
14839,417,3,915.28,1,3,3,At-Risk
14141,2,4,915.13,4,3,3,Loyal
16216,266,1,914.93,2,2,3,Lost
14549,310,4,913.6,2,3,3,At-Risk
15364,95,2,913.19,2,2,3,Lost
14359,18,3,912.18,4,3,3,Loyal
15244,64,3,912.08,3,3,3,Loyal
17812,12,7,911.99,4,3,3,Loyal
16034,195,6,911.32,2,3,3,At-Risk
14289,8,6,911.26,4,3,3,Loyal
14133,129,4,911.14,2,3,3,At-Risk
16138,378,3,910.35,2,2,3,Lost
13038,79,3,908.46,3,2,3,New / Promising
15097,3,3,908.35,4,2,3,New / Promising
17464,157,3,907.14,2,2,3,Lost
14714,23,4,906.24,4,3,3,Loyal
14969,703,1,906.23,1,2,3,Lost
13573,49,6,904.52,3,3,3,Loyal
17746,239,4,904.18,2,3,3,At-Risk
17176,201,3,902.32,2,2,3,Lost
17382,64,8,902.28,3,4,3,Loyal
16916,23,4,902.02,4,3,3,Loyal
13548,95,3,901.44,2,2,3,Lost
15511,11,5,900.53,4,3,3,Loyal
12945,287,2,900.11,2,2,3,Lost
12940,54,2,899.69,3,2,3,New / Promising
16834,227,2,898.96,2,2,3,Lost
15710,416,1,898.87,1,2,3,Lost
15992,3,3,896.6,4,2,3,New / Promising
13996,385,2,895.76,1,2,3,Lost
16122,72,6,895.62,3,3,3,Loyal
17226,308,3,895.47,2,2,3,Lost
15211,59,2,894.41,3,2,3,New / Promising
15066,52,1,893.59,3,2,3,New / Promising
12772,59,1,892.47,3,2,3,New / Promising
17155,17,7,892.46,4,3,3,Loyal
16784,19,5,892.33,4,3,3,Loyal
16442,1,5,891.98,4,3,3,Loyal
15393,15,5,891.34,4,3,3,Loyal
16361,9,4,891.21,4,3,3,Loyal
14065,388,3,891.02,1,2,3,Lost
15824,452,2,890.94,1,2,3,Lost
15525,1,4,890.22,4,3,3,Loyal
17062,313,6,889.75,2,3,3,At-Risk
14813,369,4,888.91,2,3,3,At-Risk
17537,29,2,887.67,3,2,3,New / Promising
16900,16,3,887.11,4,2,3,New / Promising
15900,23,4,886.57,4,3,3,Loyal
16228,384,3,885.71,1,2,3,Lost
12793,334,3,885.53,2,2,3,Lost
16898,25,5,885.21,3,3,3,Loyal
17704,168,2,885.19,2,2,3,Lost
17708,187,4,884.18,2,3,3,At-Risk
15907,3,3,882.72,4,2,3,New / Promising
18141,401,2,882.47,1,2,3,Lost
16387,322,5,882.46,2,3,3,At-Risk
17480,77,2,882.23,3,2,3,New / Promising
16385,59,5,881.35,3,3,3,Loyal
17143,416,2,880.97,1,2,3,Lost
12680,0,4,880.81,4,3,3,Loyal
16677,410,2,880.62,1,2,3,Lost
13937,168,2,880.13,2,2,3,Lost
14551,17,7,878.09,4,3,3,Loyal
14612,414,1,877.7,1,2,3,Lost
15653,92,2,877.44,3,2,3,New / Promising
14645,156,3,876.89,2,2,3,Lost
17864,12,5,876.57,4,3,3,Loyal
13768,726,2,875.97,1,2,3,Lost
13166,282,2,875.93,2,2,3,Lost
14681,70,6,875.15,3,3,3,Loyal
16513,4,4,874.59,4,3,3,Loyal
16657,9,4,874.43,4,3,3,Loyal
15469,49,3,874.25,3,2,3,New / Promising
14437,365,5,873.34,2,3,3,At-Risk
17361,48,5,871.79,3,3,3,Loyal
15224,357,5,871.36,2,3,3,At-Risk
13200,18,4,870.09,4,3,3,Loyal
17566,7,2,869.77,4,2,3,New / Promising
14753,86,2,869.51,3,2,3,New / Promising
16948,138,7,868.77,2,3,3,At-Risk
16357,32,4,868.37,3,3,2,Loyal
17167,379,3,867.11,1,2,2,Lost
16567,193,2,865.6,2,2,2,Lost
13922,351,3,865.2,2,2,2,Lost
14600,305,2,865.17,2,2,2,Lost
12791,373,6,863.51,2,3,2,At-Risk
16668,14,13,862.42,4,4,2,Champions
12787,9,4,862.18,4,3,2,Loyal
17358,302,5,861.01,2,3,2,At-Risk
12794,52,2,860.41,3,2,2,New / Promising
13339,200,1,860.12,2,2,2,Lost
14372,442,2,860.08,1,2,2,Lost
13891,377,3,859.21,2,2,2,Lost
12440,461,2,859.2,1,2,2,Lost
15870,32,4,857.46,3,3,2,Loyal
15287,21,5,856.03,4,3,2,Loyal
17161,443,1,856.01,1,2,2,Lost
15542,511,3,855.71,1,2,2,Lost
17064,58,3,855.45,3,2,2,New / Promising
12878,235,2,854.99,2,2,2,Lost
13945,394,2,854.15,1,2,2,Lost
14873,209,2,854.13,2,2,2,Lost
13991,11,6,852.88,4,3,2,Loyal
14686,413,5,852.53,1,3,2,At-Risk
15266,337,5,852.21,2,3,2,At-Risk
16070,21,2,852.15,4,2,2,New / Promising
12696,434,2,851.91,1,2,2,Lost
13479,200,4,851.37,2,3,2,At-Risk
16020,16,3,851.01,4,2,2,New / Promising
18108,253,3,848.81,2,2,2,Lost
12713,0,1,848.55,4,2,2,New / Promising
15264,63,2,848.4,3,2,2,New / Promising
15784,467,2,848.33,1,2,2,Lost
14202,380,3,847.76,1,2,2,Lost
13221,239,2,847.41,2,2,2,Lost
13487,57,5,846.87,3,3,2,Loyal
16877,11,6,846.62,4,3,2,Loyal
13970,385,2,846.55,1,2,2,Lost
14803,161,3,845.55,2,2,2,Lost
16500,4,9,843.91,4,4,2,Champions
14922,393,2,843.74,1,2,2,Lost
16344,157,4,842.42,2,3,2,At-Risk
16846,49,3,842.41,3,2,2,New / Promising
17638,646,2,842.4,1,2,2,Lost
16810,191,2,842.04,2,2,2,Lost
14862,25,2,841.2,3,2,2,New / Promising
16798,553,3,841.16,1,2,2,Lost
12891,185,11,840.5,2,4,2,At-Risk
13169,63,3,840.08,3,2,2,New / Promising
14355,365,3,840.05,2,2,2,Lost
18247,414,3,839.73,1,2,2,Lost
15713,142,4,839.64,2,3,2,At-Risk
13940,16,4,839.14,4,3,2,Loyal
17332,527,5,838.27,1,3,2,At-Risk
14037,175,6,836.95,2,3,2,At-Risk
15832,253,1,836.79,2,2,2,Lost
14929,31,2,836.69,3,2,2,New / Promising
13795,387,4,836.3,1,3,2,At-Risk
16747,37,2,836.06,3,2,2,New / Promising
13386,413,2,835.46,1,2,2,Lost
16737,52,2,835.2,3,2,2,New / Promising
15190,433,1,834.44,1,2,2,Lost
16863,30,3,834.27,3,2,2,New / Promising
16644,177,2,833.78,2,2,2,Lost
12903,428,1,833.53,1,2,2,Lost
13175,581,2,831.45,1,2,2,Lost
15766,63,3,831.06,3,2,2,New / Promising
15759,217,7,830.93,2,3,2,At-Risk
16924,20,3,829.89,4,2,2,New / Promising
14087,2,3,829.47,4,2,2,New / Promising
14851,22,3,829.41,4,2,2,New / Promising
12730,521,1,829.25,1,2,2,Lost
12953,9,2,828.81,4,2,2,New / Promising
15617,395,3,828.55,1,2,2,Lost
17003,401,4,828.21,1,3,2,At-Risk
13681,17,4,827.83,4,3,2,Loyal
17045,112,5,827.68,2,3,2,At-Risk
12792,256,2,827.01,2,2,2,Lost
12461,93,2,826.88,3,2,2,New / Promising
12781,63,2,826.74,3,2,2,New / Promising
16494,296,1,826.53,2,2,2,Lost
12427,21,3,825.8,4,2,2,New / Promising
17880,364,3,824.92,2,2,2,Lost
13513,126,3,824.59,2,2,2,Lost
15107,310,9,824.35,2,4,2,At-Risk
14260,470,3,824.28,1,2,2,Lost
16264,437,2,823.53,1,2,2,Lost
15137,520,2,823.4,1,2,2,Lost
14508,21,5,822.92,4,3,2,Loyal
15847,37,5,822.57,3,3,2,Loyal
16164,16,3,822.48,4,2,2,New / Promising
16680,42,3,821.45,3,2,2,New / Promising
16246,459,2,821.35,1,2,2,Lost
13893,297,1,821.1,2,2,2,Lost
15314,198,3,820.45,2,2,2,Lost
16135,262,2,819.45,2,2,2,Lost
17683,385,3,819.01,1,2,2,Lost
16048,372,4,818.79,2,3,2,At-Risk
13612,632,1,818.29,1,2,2,Lost
15483,160,10,817.82,2,4,2,At-Risk
14890,253,3,817.25,2,2,2,Lost
16869,22,4,817.12,4,3,2,Loyal
15180,366,3,816.93,2,2,2,Lost
14872,483,3,816.6,1,2,2,Lost
13514,73,4,815.9,3,3,2,Loyal
15399,0,3,815.77,4,2,2,New / Promising
14556,595,3,815.69,1,2,2,Lost
13811,183,3,814.5,2,2,2,Lost
14624,56,6,814.07,3,3,2,Loyal
17869,106,7,813.64,2,3,2,At-Risk
16621,51,4,813.48,3,3,2,Loyal
17194,273,3,812.5,2,2,2,Lost
16460,27,3,811.23,3,2,2,New / Promising
16624,80,2,810.57,3,2,2,New / Promising
13045,98,3,808.92,2,2,2,Lost
15533,18,3,807.57,4,2,2,New / Promising
17495,7,3,806.72,4,2,2,New / Promising
12632,520,2,804.88,1,2,2,Lost
13637,51,3,804.3,3,2,2,New / Promising
18248,122,2,804.02,2,2,2,Lost
16469,23,5,803.9,4,3,2,Loyal
15644,165,4,803.54,2,3,2,At-Risk
18265,71,2,801.51,3,2,2,New / Promising
16127,38,2,801.31,3,2,2,New / Promising
17114,5,8,801.12,4,4,2,Champions
17023,416,3,800.18,1,2,2,Lost
13720,116,4,799.9,2,3,2,At-Risk
13041,450,4,799.13,1,3,2,At-Risk
17251,362,3,798.98,2,2,2,Lost
16438,5,5,798.35,4,3,2,Loyal
15309,610,4,797.96,1,3,2,At-Risk
13389,10,3,797.96,4,2,2,New / Promising
17281,373,6,797.85,2,3,2,At-Risk
15637,52,5,797.59,3,3,2,Loyal
16155,381,5,796.9,1,3,2,At-Risk
15304,60,9,796.4,3,4,2,Loyal
15396,112,2,796.38,2,2,2,Lost
16952,108,5,795.83,2,3,2,At-Risk
18084,15,3,795.23,4,2,2,New / Promising
13336,76,1,795.12,3,2,2,New / Promising
15831,57,3,794.64,3,2,2,New / Promising
16961,115,3,794.56,2,2,2,Lost
17212,252,3,794.41,2,2,2,Lost
13296,136,6,792.51,2,3,2,At-Risk
14022,224,2,792.15,2,2,2,Lost
14976,56,7,790.86,3,3,2,Loyal
13484,240,3,790.72,2,2,2,Lost
13544,39,6,790.2,3,3,2,Loyal
14656,168,5,790.0,2,3,2,At-Risk
13016,72,3,789.89,3,2,2,New / Promising
16759,7,3,789.79,4,2,2,New / Promising
16472,433,2,789.6,1,2,2,Lost
15448,312,2,788.81,2,2,2,Lost
17952,377,4,788.46,2,3,2,At-Risk
14557,84,1,788.38,3,2,2,New / Promising
17817,3,6,788.15,4,3,2,Loyal
14513,100,6,788.01,2,3,2,At-Risk
13323,2,5,787.85,4,3,2,Loyal
16468,73,3,787.52,3,2,2,New / Promising
13212,19,3,786.83,4,2,2,New / Promising
14463,97,4,786.57,2,3,2,At-Risk
12628,3,3,786.46,4,2,2,New / Promising
16739,176,2,786.43,2,2,2,Lost
13770,421,4,785.37,1,3,2,At-Risk
13541,426,2,785.25,1,2,2,Lost
15646,157,5,784.81,2,3,2,At-Risk
15806,45,3,784.58,3,2,2,New / Promising
13595,516,3,784.48,1,2,2,Lost
13415,472,4,784.17,1,3,2,At-Risk
15714,11,5,783.96,4,3,2,Loyal
12761,457,2,782.95,1,2,2,Lost
16836,39,4,782.37,3,3,2,Loyal
15952,33,4,781.91,3,3,2,Loyal
17255,40,4,781.7,3,3,2,Loyal
13453,165,3,781.69,2,2,2,Lost
13287,602,3,781.59,1,2,2,Lost
15679,23,4,781.28,4,3,2,Loyal
15239,9,2,780.59,4,2,2,New / Promising
13502,16,5,780.5,4,3,2,Loyal
15246,237,3,780.4,2,2,2,Lost
18228,56,2,779.9,3,2,2,New / Promising
12735,314,2,779.57,2,2,2,Lost
12504,17,4,779.05,4,3,2,Loyal
13781,250,3,778.83,2,2,2,Lost
14815,36,2,778.5,3,2,2,New / Promising
16958,434,1,778.49,1,2,2,Lost
14690,43,4,777.68,3,3,2,Loyal
16505,31,1,777.6,3,2,2,New / Promising
13563,83,2,777.53,3,2,2,New / Promising
13745,161,2,777.36,2,2,2,Lost
15837,64,2,777.01,3,2,2,New / Promising
15794,735,2,777.0,1,2,2,Lost
15618,32,4,776.85,3,3,2,Loyal
12808,36,5,776.7,3,3,2,Loyal
14997,45,4,776.6,3,3,2,Loyal
15092,214,3,776.46,2,2,2,Lost
15743,15,4,775.96,4,3,2,Loyal
13314,1,3,775.94,4,2,2,New / Promising
13341,260,1,775.85,2,2,2,Lost
17482,486,2,775.64,1,2,2,Lost
15921,172,4,775.26,2,3,2,At-Risk
15414,9,3,774.9,4,2,2,New / Promising
15773,5,2,774.52,4,2,2,New / Promising
18058,9,3,774.06,4,2,2,New / Promising
18112,11,4,773.36,4,3,2,Loyal
16565,363,4,773.05,2,3,2,At-Risk
15075,77,1,773.03,3,2,2,New / Promising
17349,178,5,772.41,2,3,2,At-Risk
12923,63,3,770.42,3,2,2,New / Promising
17801,450,3,770.03,1,2,2,Lost
14838,422,2,769.92,1,2,2,Lost
12965,88,1,769.81,3,2,2,New / Promising
16480,75,1,769.29,3,2,2,New / Promising
16978,77,3,768.88,3,2,2,New / Promising
13980,59,5,768.82,3,3,2,Loyal
13356,79,1,768.24,3,2,2,New / Promising
15331,499,3,767.91,1,2,2,Lost
13712,246,2,766.42,2,2,2,Lost
12991,22,3,764.82,4,2,2,New / Promising
14413,361,4,764.52,2,3,2,At-Risk
13699,154,2,764.15,2,2,2,Lost
16602,35,2,763.33,3,2,2,New / Promising
17466,9,2,763.28,4,2,2,New / Promising
15428,14,4,762.75,4,3,2,Loyal
16806,102,4,762.16,2,3,2,At-Risk
13598,46,5,761.96,3,3,2,Loyal
14883,18,6,761.59,4,3,2,Loyal
17425,18,2,759.17,4,2,2,New / Promising
18246,23,3,758.82,4,2,2,New / Promising
16720,25,3,758.74,3,2,2,New / Promising
15908,490,2,758.62,1,2,2,Lost
15568,2,3,758.29,4,2,2,New / Promising
15006,50,2,757.78,3,2,2,New / Promising
13034,54,3,756.82,3,2,2,New / Promising
16392,269,3,756.7,2,2,2,Lost
14176,296,5,756.46,2,3,2,At-Risk
16411,18,4,756.39,4,3,2,Loyal
16262,377,1,755.15,2,2,2,Lost
13370,371,1,754.87,2,2,2,Lost
16892,0,7,754.75,4,3,2,Loyal
18104,36,1,754.64,3,2,2,New / Promising
18034,21,3,754.2,4,2,2,New / Promising
14234,21,4,754.12,4,3,2,Loyal
14247,277,5,753.56,2,3,2,At-Risk
17579,4,4,753.28,4,3,2,Loyal
14998,169,4,753.18,2,3,2,At-Risk
13730,135,2,752.6,2,2,2,Lost
13030,10,2,752.44,4,2,2,New / Promising
13070,191,4,751.7,2,3,2,At-Risk
14923,50,1,749.1,3,2,2,New / Promising
16972,382,2,749.0,1,2,2,Lost
14048,304,3,748.69,2,2,2,Lost
15656,44,4,748.5,3,3,2,Loyal
13108,372,2,748.46,2,2,2,Lost
17387,19,2,746.81,4,2,2,New / Promising
14942,401,4,746.56,1,3,2,At-Risk
17889,211,7,746.42,2,3,2,At-Risk
17760,21,6,746.39,4,3,2,Loyal
14050,31,2,746.36,3,2,2,New / Promising
16465,420,2,746.24,1,2,2,Lost
18190,191,5,745.62,2,3,2,At-Risk
14228,437,3,745.5,1,2,2,Lost
13950,10,4,745.06,4,3,2,Loyal
13236,24,2,744.85,4,2,2,New / Promising
12871,83,3,744.02,3,2,2,New / Promising
14104,154,5,743.53,2,3,2,At-Risk
13354,70,1,743.53,3,2,2,New / Promising
17038,29,2,743.17,3,2,2,New / Promising
16730,51,3,743.11,3,2,2,New / Promising
15420,433,6,743.0,1,3,2,At-Risk
14302,430,3,742.9,1,2,2,Lost
12465,16,2,742.19,4,2,2,New / Promising
18275,577,2,741.85,1,2,2,Lost
13721,35,2,741.54,3,2,2,New / Promising
13713,407,3,740.76,1,2,2,Lost
15720,23,2,739.22,4,2,2,New / Promising
12603,21,1,739.2,4,2,2,New / Promising
15988,18,3,738.89,4,2,2,New / Promising
15070,372,3,737.05,2,2,2,Lost
15462,93,4,737.05,3,3,2,Loyal
16075,502,2,736.93,1,2,2,Lost
17461,22,3,735.82,4,2,2,New / Promising
15045,151,2,735.66,2,2,2,Lost
12527,81,5,735.51,3,3,2,Loyal
13286,599,1,734.91,1,2,2,Lost
15938,111,9,734.81,2,4,2,At-Risk
17616,173,4,734.4,2,3,2,At-Risk
12537,408,1,732.94,1,2,2,Lost
17979,35,4,732.41,3,3,2,Loyal
13575,22,5,732.07,4,3,2,Loyal
13780,6,3,732.07,4,2,2,New / Promising
17548,233,4,731.26,2,3,2,At-Risk
17681,596,5,731.2,1,3,2,At-Risk
14778,126,2,730.86,2,2,2,Lost
13921,401,4,730.7,1,3,2,At-Risk
13452,258,3,729.8,2,2,2,Lost
12925,4,3,729.33,4,2,2,New / Promising
15872,14,4,729.25,4,3,2,Loyal
18163,583,1,728.84,1,2,2,Lost
17756,375,3,728.75,2,2,2,Lost
12786,609,1,728.5,1,2,2,Lost
17547,375,2,727.85,2,2,2,Lost
17141,417,4,727.58,1,3,2,At-Risk
17374,218,3,727.11,2,2,2,Lost
16447,135,3,727.1,2,2,2,Lost
13569,16,4,726.54,4,3,2,Loyal
18078,216,4,725.53,2,3,2,At-Risk
12723,3,5,725.07,4,3,2,Loyal
18187,631,1,724.89,1,2,2,Lost
13729,435,3,724.73,1,2,2,Lost
14798,52,8,724.31,3,4,2,Loyal
15368,20,2,722.74,4,2,2,New / Promising
13264,442,1,722.56,1,2,2,Lost
17615,129,6,721.8,2,3,2,At-Risk
13441,91,2,720.9,3,2,2,New / Promising
16023,45,3,719.81,3,2,2,New / Promising
13537,425,2,717.85,1,2,2,Lost
13604,658,1,717.62,1,2,2,Lost
16269,437,1,717.57,1,2,2,Lost
12573,226,5,717.41,2,3,2,At-Risk
17860,368,4,717.39,2,3,2,At-Risk
16526,171,2,717.21,2,2,2,Lost
15274,3,2,716.57,4,2,2,New / Promising
12519,63,2,716.54,3,2,2,New / Promising
12535,91,2,716.35,3,2,2,New / Promising
12492,62,3,715.21,3,2,2,New / Promising
15330,31,2,714.96,3,2,2,New / Promising
13512,260,4,713.39,2,3,2,At-Risk
14026,470,2,713.11,1,2,2,Lost
13147,9,4,712.8,4,3,2,Loyal
17761,32,1,712.78,3,2,2,New / Promising
14470,11,3,712.04,4,2,2,New / Promising
15127,65,2,711.5,3,2,2,New / Promising
13103,39,3,709.64,3,2,2,New / Promising
13057,529,3,709.59,1,2,2,Lost
13927,74,2,708.26,3,2,2,New / Promising
12485,528,1,708.1,1,2,2,Lost
14398,400,2,707.79,1,2,2,Lost
16449,197,2,707.69,2,2,2,Lost
12453,133,1,707.09,2,2,2,Lost
13626,252,2,707.04,2,2,2,Lost
16309,105,2,706.57,2,2,2,Lost
17051,193,4,706.49,2,3,2,At-Risk
12890,23,2,706.02,4,2,2,New / Promising
16364,11,2,705.79,4,2,2,New / Promising
16882,66,3,705.12,3,2,2,New / Promising
16015,3,3,704.55,4,2,2,New / Promising
12612,73,1,704.04,3,2,2,New / Promising
12883,24,4,703.47,4,3,2,Loyal
15103,30,2,703.36,3,2,2,New / Promising
17561,18,4,703.02,4,3,2,Loyal
14699,213,4,702.6,2,3,2,At-Risk
16997,287,3,702.0,2,2,2,Lost
17825,598,4,701.96,1,3,2,At-Risk
14324,409,2,701.61,1,2,2,Lost
14179,40,2,701.57,3,2,2,New / Promising
14356,79,2,701.23,3,2,2,New / Promising
13833,158,2,700.41,2,2,2,Lost
17163,21,4,699.78,4,3,2,Loyal
13242,111,7,699.4,2,3,2,At-Risk
16018,38,4,698.13,3,3,2,Loyal
14497,308,2,697.06,2,2,2,Lost
16415,43,3,696.76,3,2,2,New / Promising
15700,171,2,696.68,2,2,2,Lost
14959,63,4,695.42,3,3,2,Loyal
13101,233,4,695.4,2,3,2,At-Risk
15995,413,1,694.54,1,2,2,Lost
15053,4,3,693.95,4,2,2,New / Promising
14111,13,4,692.85,4,3,2,Loyal
17198,23,3,692.22,4,2,2,New / Promising
17733,38,2,692.19,3,2,2,New / Promising
12817,280,3,690.98,2,2,2,Lost
16658,367,6,690.83,2,3,2,At-Risk
14880,76,3,690.59,3,2,2,New / Promising
16545,164,2,689.82,2,2,2,Lost
17834,414,2,689.67,1,2,2,Lost
17502,8,4,689.1,4,3,2,Loyal
15361,361,4,689.07,2,3,2,At-Risk
12450,155,5,688.2,2,3,2,At-Risk
18017,80,4,688.0,3,3,2,Loyal
15901,16,7,687.72,4,3,2,Loyal
14809,620,2,686.76,1,2,2,Lost
13898,325,2,686.4,2,2,2,Lost
16824,15,3,686.24,4,2,2,New / Promising
17935,137,7,686.14,2,3,2,At-Risk
12658,18,1,686.05,4,2,2,New / Promising
15257,282,2,685.9,2,2,2,Lost
15219,175,2,685.45,2,2,2,Lost
15184,28,4,685.39,3,3,2,Loyal
16885,14,4,684.6,4,3,2,Loyal
13585,530,3,684.54,1,2,2,Lost
15669,39,4,684.34,3,3,2,Loyal
15207,415,3,683.92,1,2,2,Lost
17874,184,6,683.46,2,3,2,At-Risk
14222,176,1,683.17,2,2,2,Lost
15582,24,3,682.91,4,2,2,New / Promising
13987,379,2,682.54,1,2,2,Lost
12601,189,6,681.26,2,3,2,At-Risk
12478,3,1,680.99,4,2,2,New / Promising
18271,609,2,680.85,1,2,2,Lost
18082,25,1,680.84,3,2,2,New / Promising
15973,366,3,680.62,2,2,2,Lost
13524,40,5,680.18,3,3,2,Loyal
13809,304,3,679.7,2,2,2,Lost
14151,672,2,679.45,1,2,2,Lost
13430,18,2,679.45,4,2,2,New / Promising
17782,382,2,679.02,1,2,2,Lost
16646,448,1,678.8,1,2,2,Lost
14182,443,4,678.77,1,3,2,At-Risk
13255,8,3,678.76,4,2,2,New / Promising
13925,92,4,678.25,3,3,2,Loyal
15363,372,2,678.11,2,2,2,Lost
13974,48,2,677.72,3,2,2,New / Promising
16601,40,3,677.0,3,2,2,New / Promising
13040,8,2,676.99,4,2,2,New / Promising
17462,59,2,675.69,3,2,2,New / Promising
18156,12,2,675.64,4,2,2,New / Promising
12942,130,3,675.6,2,2,2,Lost
13325,81,1,675.3,3,2,2,New / Promising
13355,121,1,674.7,2,2,2,Lost
13951,175,3,674.45,2,2,2,Lost
14504,46,4,673.26,3,3,2,Loyal
16648,42,3,672.8,3,2,2,New / Promising
16226,202,5,672.17,2,3,2,At-Risk
17011,29,3,671.7,3,2,2,New / Promising
15562,351,3,671.43,2,2,2,Lost
14142,372,2,671.34,2,2,2,Lost
17709,169,5,671.01,2,3,2,At-Risk
13398,191,2,670.34,2,2,2,Lost
17418,41,3,670.06,3,2,2,New / Promising
13741,71,3,668.43,3,2,2,New / Promising
16268,70,2,667.65,3,2,2,New / Promising
17962,141,4,666.96,2,3,2,At-Risk
18123,23,3,666.64,4,2,2,New / Promising
13217,121,4,666.48,2,3,2,At-Risk
14932,365,2,666.13,2,2,2,Lost
17105,158,2,665.78,2,2,2,Lost
16132,543,2,664.2,1,2,2,Lost
16704,617,2,664.16,1,2,2,Lost
13596,5,2,664.11,4,2,2,New / Promising
15643,191,3,664.0,2,2,2,Lost
14720,5,3,663.81,4,2,2,New / Promising
16573,84,2,663.61,3,2,2,New / Promising
16679,365,3,663.31,2,2,2,Lost
12837,172,2,662.66,2,2,2,Lost
13864,386,1,662.4,1,2,2,Lost
16862,546,4,662.33,1,3,2,At-Risk
14425,434,3,661.39,1,2,2,Lost
13028,22,2,661.32,4,2,2,New / Promising
17375,198,4,660.55,2,3,2,At-Risk
14603,274,1,660.0,2,2,2,Lost
15405,188,2,659.84,2,2,2,Lost
15492,27,2,659.46,3,2,2,New / Promising
13759,32,2,659.41,3,2,2,New / Promising
13622,695,1,658.95,1,2,2,Lost
14452,10,4,658.95,4,3,2,Loyal
14150,35,2,658.64,3,2,2,New / Promising
13433,500,4,658.32,1,3,2,At-Risk
16887,34,3,658.17,3,2,2,New / Promising
15715,555,5,658.02,1,3,2,At-Risk
16696,134,4,657.9,2,3,2,At-Risk
17852,11,5,657.81,4,3,2,Loyal
17459,42,2,657.3,3,2,2,New / Promising
16157,15,3,656.69,4,2,2,New / Promising
16708,45,1,656.63,3,2,2,New / Promising
14558,653,3,655.5,1,2,2,Lost
17371,16,6,655.37,4,3,2,Loyal
16117,189,3,654.4,2,2,2,Lost
17398,114,3,653.38,2,2,2,Lost
13496,10,2,653.33,4,2,2,New / Promising
18121,148,2,653.3,2,2,2,Lost
15205,84,2,653.24,3,2,2,New / Promising
13820,417,3,652.75,1,2,2,Lost
17523,10,4,652.74,4,3,2,Loyal
17572,70,10,652.21,3,4,2,Loyal
13840,415,1,651.4,1,2,2,Lost
16056,44,1,650.75,3,2,2,New / Promising
16969,38,3,650.41,3,2,2,New / Promising
17779,20,3,650.32,4,2,2,New / Promising
14034,21,3,648.89,4,2,2,New / Promising
12844,28,4,648.6,3,3,2,Loyal
16495,2,3,648.26,4,2,2,New / Promising
17777,24,3,647.56,4,2,2,New / Promising
16734,51,3,646.76,3,2,2,New / Promising
13474,235,3,646.59,2,2,2,Lost
15945,364,4,646.27,2,3,2,At-Risk
15012,53,3,646.26,3,2,2,New / Promising
14024,121,3,645.74,2,2,2,Lost
17380,433,3,645.0,1,2,2,Lost
12719,4,2,644.95,4,2,2,New / Promising
16185,16,3,644.72,4,2,2,New / Promising
17312,138,3,644.3,2,2,2,Lost
17963,470,4,643.16,1,3,2,At-Risk
13237,387,1,643.0,1,2,2,Lost
15297,9,3,641.94,4,2,2,New / Promising
14537,57,2,641.4,3,2,2,New / Promising
12365,290,2,641.38,2,2,2,Lost
12624,105,2,641.13,2,2,2,Lost
13318,0,3,640.76,4,2,2,New / Promising
14563,509,2,640.54,1,2,2,Lost
12538,28,2,640.45,3,2,2,New / Promising
12880,381,2,640.13,1,2,2,Lost
15183,547,3,639.93,1,2,2,Lost
12734,352,3,639.65,2,2,2,Lost
15648,203,2,639.5,2,2,2,Lost
17998,379,3,639.24,1,2,2,Lost
16428,413,3,638.49,1,2,2,Lost
12699,417,1,638.11,1,2,2,Lost
17691,357,4,637.55,2,3,2,At-Risk
14664,19,2,636.24,4,2,2,New / Promising
15829,98,2,636.14,2,2,2,Lost
16534,641,1,635.9,1,2,2,Lost
17334,301,3,635.15,2,2,2,Lost
14365,394,2,634.68,1,2,2,Lost
14219,3,3,633.83,4,2,2,New / Promising
15666,471,2,632.94,1,2,2,Lost
13540,466,3,632.39,1,2,2,Lost
18183,226,2,632.07,2,2,2,Lost
13822,5,2,632.0,4,2,2,New / Promising
17985,21,1,631.35,4,2,2,New / Promising
13706,302,2,631.17,2,2,2,Lost
16193,236,2,630.43,2,2,2,Lost
16399,18,3,630.22,4,2,2,New / Promising
13525,14,2,628.78,4,2,2,New / Promising
14283,462,4,628.44,1,3,2,At-Risk
16158,521,9,628.32,1,4,2,At-Risk
13480,416,2,627.82,1,2,2,Lost
13518,85,1,627.16,3,2,2,New / Promising
14036,284,1,626.65,2,2,2,Lost
13914,11,2,626.45,4,2,2,New / Promising
14381,51,2,625.94,3,2,2,New / Promising
14793,20,2,625.9,4,2,2,New / Promising
16715,77,2,625.52,3,2,2,New / Promising
16330,17,7,625.38,4,3,2,Loyal
17134,106,3,625.3,2,2,2,Lost
13776,427,2,623.98,1,2,2,Lost
16750,44,5,623.93,3,3,2,Loyal
15147,239,1,623.5,2,2,2,Lost
16792,281,5,623.46,2,3,2,At-Risk
16431,212,3,623.28,2,2,2,Lost
15258,168,2,623.16,2,2,2,Lost
16781,371,2,623.0,2,2,2,Lost
12575,456,2,622.82,1,2,2,Lost
14115,501,2,622.67,1,2,2,Lost
17430,32,4,622.57,3,3,2,Loyal
17005,470,2,622.36,1,2,2,Lost
18101,10,5,622.01,4,3,2,Loyal
14169,430,2,621.51,1,2,2,Lost
16368,1,3,621.44,4,2,2,New / Promising
15016,172,5,620.89,2,3,2,At-Risk
13836,398,2,620.37,1,2,2,Lost
14339,242,2,620.27,2,2,2,Lost
12667,57,1,620.13,3,1,2,New / Promising
15276,65,4,619.8,3,3,2,Loyal
13444,373,2,619.08,2,2,2,Lost
13020,562,2,618.96,1,2,2,Lost
14079,124,2,618.73,2,2,2,Lost
13493,274,2,618.63,2,2,2,Lost
16613,69,1,618.59,3,1,2,New / Promising
12596,50,2,618.27,3,2,2,New / Promising
13301,103,4,618.09,2,3,2,At-Risk
14455,431,4,617.72,1,3,2,At-Risk
15956,550,2,617.6,1,2,2,Lost
14377,190,2,617.05,2,2,2,Lost
16311,17,2,616.26,4,2,2,New / Promising
17639,275,6,615.17,2,3,2,At-Risk
15275,37,1,615.14,3,1,2,New / Promising
14077,40,6,615.08,3,3,2,Loyal
16847,42,2,614.89,3,2,2,New / Promising
16566,14,5,614.66,4,3,2,Loyal
16844,562,2,614.34,1,2,2,Lost
16343,15,3,614.12,4,2,2,New / Promising
14570,280,3,613.75,2,2,2,Lost
17035,245,4,613.59,2,3,2,At-Risk
15362,448,2,613.08,1,2,2,Lost
12855,372,4,612.84,2,3,2,At-Risk
16116,211,1,612.78,2,1,2,Lost
16178,137,2,612.6,2,2,2,Lost
16589,70,4,612.36,3,3,2,Loyal
12513,112,1,612.29,2,1,2,Lost
13008,322,3,612.13,2,2,2,Lost
15232,112,2,612.06,2,2,2,Lost
16922,572,1,611.08,1,1,2,Lost
13731,218,2,610.59,2,2,2,Lost
13832,18,2,609.89,4,2,2,New / Promising
14636,35,2,609.85,3,2,2,New / Promising
15748,39,3,609.81,3,2,2,New / Promising
17325,279,3,609.57,2,2,2,Lost
17707,184,8,609.3,2,4,2,At-Risk
16675,441,2,608.86,1,2,2,Lost
13933,108,2,608.79,2,2,2,Lost
17473,408,2,607.0,1,2,2,Lost
15717,233,5,607.0,2,3,2,At-Risk
17119,2,2,606.91,4,2,2,New / Promising
15158,44,2,606.02,3,2,2,New / Promising
16590,400,2,605.9,1,2,2,Lost
17507,261,2,605.58,2,2,2,Lost
14323,114,2,605.06,2,2,2,Lost
16321,71,7,604.55,3,3,2,Loyal
12944,35,2,604.51,3,2,2,New / Promising
14611,443,2,604.33,1,2,2,Lost
13106,132,2,603.46,2,2,2,Lost
12707,291,1,603.42,2,1,2,Lost
18264,498,1,603.25,1,1,2,Lost
16022,259,1,602.63,2,1,2,Lost
16080,81,4,602.56,3,3,2,Loyal
12654,10,5,601.98,4,3,2,Loyal
17270,468,2,601.45,1,2,2,Lost
14254,432,1,601.03,1,1,2,Lost
12420,63,1,600.39,3,1,2,New / Promising
17745,477,2,600.34,1,2,2,Lost
18211,25,5,600.07,3,3,2,Loyal
17678,263,2,599.76,2,2,2,Lost
12521,142,1,599.68,2,1,2,Lost
12556,49,2,599.56,3,2,2,New / Promising
13311,3,2,598.57,4,2,2,New / Promising
15424,253,3,597.78,2,2,2,Lost
14569,0,4,597.33,4,3,2,Loyal
15631,641,1,596.67,1,1,2,Lost
16780,99,3,596.4,2,2,2,Lost
15346,332,3,596.12,2,2,2,Lost
17845,554,4,596.09,1,3,2,At-Risk
14965,95,2,596.09,2,2,2,Lost
17209,648,3,595.7,1,2,2,Lost
17658,25,2,595.42,3,2,2,New / Promising
13684,285,4,594.88,2,3,2,At-Risk
14771,620,2,594.62,1,2,2,Lost
13558,5,4,594.52,4,3,2,Loyal
15929,643,1,594.0,1,1,2,Lost
15442,248,1,594.0,2,1,2,Lost
14746,405,4,593.5,1,3,2,At-Risk
16412,53,5,593.19,3,3,2,Loyal
18232,81,4,592.97,3,3,2,Loyal
16776,59,2,592.51,3,2,2,New / Promising
13472,463,2,592.24,1,2,2,Lost
17815,392,1,591.96,1,1,2,Lost
17156,491,1,591.87,1,1,2,Lost
12790,191,2,591.85,2,2,2,Lost
17483,64,4,591.73,3,3,2,Loyal
15524,24,2,591.4,4,2,2,New / Promising
17098,381,3,591.07,1,2,2,Lost
17968,373,4,590.44,2,3,2,At-Risk
13270,365,1,590.0,2,1,2,Lost
15160,356,4,589.27,2,3,2,At-Risk
15624,116,4,588.13,2,3,2,At-Risk
15191,462,3,588.05,1,2,2,Lost
17890,322,2,586.89,2,2,2,Lost
14729,373,3,586.24,2,2,2,Lost
14173,10,6,586.0,4,3,2,Loyal
17392,306,3,585.92,2,2,2,Lost
12384,28,2,585.27,3,2,2,New / Promising
12800,469,3,584.25,1,2,2,Lost
14023,6,2,584.07,4,2,2,New / Promising
15762,64,2,583.75,3,2,2,New / Promising
17014,7,3,583.43,4,2,2,New / Promising
16001,380,1,583.39,1,1,2,Lost
14670,279,3,583.33,2,2,2,Lost
16445,33,4,583.16,3,3,2,Loyal
15918,190,3,582.88,2,2,2,Lost
16100,462,1,582.64,1,1,2,Lost
16802,678,2,582.61,1,2,2,Lost
17099,532,1,582.17,1,1,2,Lost
14742,434,1,579.85,1,1,2,Lost
15588,677,1,579.6,1,1,2,Lost
14529,59,3,578.61,3,2,2,New / Promising
18262,139,3,577.54,2,2,2,Lost
15830,37,1,576.0,3,1,2,New / Promising
17557,13,4,575.46,4,3,2,Loyal
17773,513,2,575.37,1,2,2,Lost
12859,458,1,575.1,1,1,2,Lost
13262,262,3,573.45,2,2,2,Lost
12879,44,3,573.22,3,2,2,New / Promising
17274,34,2,573.22,3,2,2,New / Promising
13424,449,1,572.77,1,1,2,Lost
13379,25,3,572.56,3,2,2,New / Promising
13179,618,1,572.31,1,1,2,Lost
14053,123,4,572.3,2,3,2,At-Risk
12816,95,2,572.2,2,2,2,Lost
13816,23,2,571.67,4,2,2,New / Promising
15198,91,5,571.35,3,3,2,Loyal
15691,251,4,571.3,2,3,2,At-Risk
18053,70,3,571.07,3,2,2,New / Promising
15821,43,2,570.96,3,2,2,New / Promising
13190,543,3,570.66,1,2,2,Lost
17122,118,4,570.5,2,3,2,At-Risk
15315,63,2,570.5,3,2,2,New / Promising
15857,18,2,570.48,4,2,2,New / Promising
14170,374,3,570.18,2,2,2,Lost
17433,87,2,569.96,3,2,2,New / Promising
15169,381,2,569.22,1,2,2,Lost
15920,153,9,569.14,2,4,2,At-Risk
13406,426,2,568.92,1,2,2,Lost
18244,430,2,568.64,1,2,2,Lost
13321,71,2,567.36,3,2,2,New / Promising
16667,67,2,567.18,3,2,2,New / Promising
14208,94,2,567.05,3,2,2,New / Promising
15627,456,2,566.9,1,2,2,Lost
13998,446,3,566.7,1,2,2,Lost
18150,31,3,566.58,3,2,2,New / Promising
16250,260,3,565.24,2,2,2,Lost
13894,23,3,564.62,4,2,2,New / Promising
15344,0,3,563.94,4,2,2,New / Promising
15143,225,2,563.63,2,2,2,Lost
15597,34,2,563.37,3,2,2,New / Promising
17665,492,1,563.1,1,1,2,Lost
14986,375,2,563.1,2,2,2,Lost
17195,654,1,562.98,1,1,2,Lost
17970,210,1,562.79,2,1,2,Lost
12559,310,2,561.71,2,2,2,Lost
17233,34,3,560.86,3,2,2,New / Promising
15655,242,1,560.67,2,1,2,Lost
17413,404,2,560.14,1,2,2,Lost
14273,50,4,559.97,3,3,2,Loyal
15415,312,1,559.61,2,1,2,Lost
17503,2,2,558.96,4,2,2,New / Promising
17223,309,3,558.04,2,2,2,Lost
14592,34,3,557.94,3,2,2,New / Promising
13260,60,1,557.62,3,1,2,New / Promising
18127,18,4,556.13,4,3,2,Loyal
13024,470,2,555.87,1,2,2,Lost
15102,530,2,554.67,1,2,2,Lost
15634,16,2,554.65,4,2,2,New / Promising
18056,287,2,554.6,2,2,2,Lost
16641,105,2,554.5,2,2,2,Lost
15650,521,2,553.88,1,2,2,Lost
17407,411,1,552.9,1,1,2,Lost
17016,576,1,552.4,1,1,2,Lost
12797,365,2,552.08,2,2,2,Lost
12363,109,2,552.0,2,2,2,Lost
13677,404,2,551.24,1,2,2,Lost
16414,21,5,551.21,4,3,2,Loyal
17674,73,2,551.04,3,2,2,New / Promising
17291,307,1,550.8,2,1,2,Lost
17265,138,2,550.01,2,2,2,Lost
12390,79,1,549.84,3,1,2,New / Promising
16111,427,1,549.33,1,1,2,Lost
15055,474,3,549.12,1,2,2,Lost
15200,494,1,549.05,1,1,2,Lost
15842,392,2,548.8,1,2,2,Lost
13948,360,4,548.76,2,3,2,At-Risk
16936,25,2,548.29,3,2,2,New / Promising
18039,373,4,548.22,2,3,2,At-Risk
16536,109,1,548.12,2,1,2,Lost
15598,52,2,548.02,3,2,2,New / Promising
16031,91,2,547.9,3,2,2,New / Promising
15350,372,2,547.6,2,2,2,Lost
16811,4,2,547.07,4,2,2,New / Promising
17637,30,2,547.06,3,2,2,New / Promising
17295,28,3,547.0,3,2,2,New / Promising
17520,53,1,546.81,3,1,2,New / Promising
15080,427,2,546.25,1,2,2,Lost
17806,10,1,546.04,4,1,2,New / Promising
15728,379,2,544.6,1,2,2,Lost
18207,498,1,544.47,1,1,2,Lost
16475,87,4,544.3,3,3,2,Loyal
13390,74,1,544.08,3,1,2,New / Promising
13955,153,3,544.07,2,2,2,Lost
14716,42,3,543.28,3,2,2,New / Promising
16927,115,3,543.05,2,2,2,Lost
15959,681,3,542.89,1,2,2,Lost
13785,428,4,542.49,1,3,2,At-Risk
15675,80,4,542.04,3,3,2,Loyal
16230,189,2,542.03,2,2,2,Lost
16060,400,3,541.95,1,2,2,Lost
16647,169,4,541.9,2,3,2,At-Risk
17447,39,2,541.53,3,2,2,New / Promising
17580,252,5,541.02,2,3,2,At-Risk
16576,419,2,540.87,1,2,2,Lost
12819,457,1,540.52,1,1,2,Lost
12743,133,2,540.13,2,2,2,Lost
17524,360,3,539.14,2,2,2,Lost
13812,41,3,539.0,3,2,2,New / Promising
15539,6,1,538.46,4,1,2,New / Promising
13961,391,1,538.4,1,1,2,Lost
14539,15,2,537.48,4,2,2,New / Promising
16804,22,3,536.99,4,2,2,New / Promising
18140,473,1,536.41,1,1,2,Lost
13207,14,4,535.86,4,3,2,Loyal
15890,394,5,535.65,1,3,2,At-Risk
16142,249,1,535.34,2,1,2,Lost
12810,534,2,534.99,1,2,2,Lost
13385,329,1,534.57,2,1,2,Lost
17443,219,1,534.24,2,1,2,Lost
17436,1,5,534.06,4,3,2,Loyal
16785,409,1,533.78,1,1,2,Lost
16707,399,4,533.41,1,3,2,At-Risk
13594,52,2,533.32,3,2,2,New / Promising
15433,213,2,533.3,2,2,2,Lost
15825,171,1,532.94,2,1,2,Lost
15659,43,3,532.49,3,2,2,New / Promising
15115,17,2,531.85,4,2,2,New / Promising
14940,417,2,531.49,1,2,2,Lost
16706,36,3,531.35,3,2,2,New / Promising
16935,381,3,530.86,1,2,2,Lost
15917,247,5,530.17,2,3,2,At-Risk
18159,300,1,530.15,2,1,2,Lost
14002,133,2,529.73,2,2,2,Lost
17458,14,2,529.58,4,2,2,New / Promising
18191,261,2,529.4,2,2,2,Lost
18043,24,3,529.29,4,2,2,New / Promising
17999,36,3,528.46,3,2,2,New / Promising
16406,18,3,528.36,4,2,2,New / Promising
15756,60,4,528.01,3,3,2,Loyal
18098,395,1,527.94,1,1,2,Lost
14616,242,5,527.78,2,3,2,At-Risk
12479,10,1,527.2,4,1,2,New / Promising
16421,375,3,526.27,2,2,2,Lost
15919,19,2,525.69,4,2,2,New / Promising
15467,8,3,524.88,4,2,2,New / Promising
14417,387,1,524.65,1,1,2,Lost
15683,116,2,524.54,2,2,2,Lost
17765,158,4,524.0,2,3,2,At-Risk
13277,15,7,523.3,4,3,2,Loyal
17712,44,1,522.91,3,1,2,New / Promising
13605,386,2,522.67,1,2,2,Lost
16413,56,2,522.03,3,2,2,New / Promising
17514,127,2,522.0,2,2,2,Lost
12956,305,4,521.89,2,3,2,At-Risk
15689,119,3,521.03,2,2,2,Lost
13977,410,1,519.81,1,1,2,Lost
12571,39,2,519.61,3,2,2,New / Promising
12777,457,1,519.45,1,1,2,Lost
12825,520,2,518.63,1,2,2,Lost
13600,311,2,518.42,2,2,2,Lost
12979,728,1,517.7,1,1,2,Lost
18205,35,2,517.36,3,2,2,New / Promising
14311,242,2,516.45,2,2,2,Lost
13043,272,1,516.42,2,1,2,Lost
14429,403,1,516.28,1,1,2,Lost
13859,325,2,515.86,2,2,2,Lost
18243,413,1,515.78,1,1,2,Lost
14949,468,4,515.0,1,3,2,At-Risk
17510,24,2,514.56,4,2,2,New / Promising
18212,325,2,514.37,2,2,2,Lost
12897,204,4,514.25,2,3,2,At-Risk
12977,155,4,513.88,2,3,2,At-Risk
16829,156,2,513.32,2,2,2,Lost
13177,64,2,512.2,3,2,2,New / Promising
15891,226,1,511.68,2,1,2,Lost
12361,286,4,511.25,2,3,2,At-Risk
16561,5,2,511.12,4,2,2,New / Promising
13367,431,1,510.2,1,1,2,Lost
13710,31,3,509.52,3,2,2,New / Promising
14008,431,1,509.04,1,1,2,Lost
12436,99,1,509.01,2,1,2,Lost
12907,395,2,508.91,1,2,2,Lost
17391,163,2,508.8,2,2,2,Lost
15417,84,1,508.8,3,1,2,New / Promising
14317,64,1,508.58,3,1,2,New / Promising
13067,81,3,508.51,3,2,2,New / Promising
14552,151,3,507.93,2,2,2,Lost
17415,79,1,507.84,3,1,2,New / Promising
14158,39,1,507.66,3,1,2,New / Promising
17384,18,3,507.55,4,2,2,New / Promising
13885,188,2,506.8,2,2,2,Lost
13123,472,2,506.75,1,2,2,Lost
14647,200,2,506.04,2,2,2,Lost
12988,291,1,505.82,2,1,2,Lost
14807,390,2,504.14,1,2,2,Lost
17630,169,2,503.6,2,2,2,Lost
12376,389,2,503.15,1,2,2,Lost
12419,385,2,503.01,1,2,2,Lost
15138,393,1,502.52,1,1,2,Lost
17276,401,1,502.49,1,1,2,Lost
17266,1,5,501.72,4,3,2,Loyal
13865,57,4,501.56,3,3,2,Loyal
15881,311,5,501.39,2,3,2,At-Risk
14968,29,2,501.24,3,2,2,New / Promising
13116,137,1,501.14,2,1,2,Lost
13247,17,4,501.12,4,3,2,Loyal
18049,436,2,500.92,1,2,2,Lost
17248,119,2,500.54,2,2,2,Lost
16616,14,2,500.42,4,2,2,New / Promising
12366,633,1,500.24,1,1,2,Lost
17110,164,3,499.9,2,2,2,Lost
13553,674,1,499.6,1,1,2,Lost
15193,60,1,499.32,3,1,2,New / Promising
17256,106,5,498.93,2,3,2,At-Risk
16488,32,3,498.8,3,2,2,New / Promising
14171,97,2,498.79,2,2,2,Lost
17053,130,1,498.48,2,1,2,Lost
16820,95,1,497.61,2,1,2,Lost
17680,23,3,497.45,4,2,2,New / Promising
17335,383,2,497.04,1,2,2,Lost
17923,281,3,497.0,2,2,2,Lost
12943,557,2,496.5,1,2,2,Lost
15300,63,1,496.44,3,1,2,New / Promising
15018,38,3,496.21,3,2,2,New / Promising
15278,561,4,496.16,1,3,2,At-Risk
12904,17,2,496.06,4,2,2,New / Promising
16977,394,4,496.0,1,3,2,At-Risk
17995,281,3,495.48,2,2,2,Lost
14319,423,1,494.85,1,1,2,Lost
16352,17,2,494.44,4,2,2,New / Promising
17333,85,1,494.25,3,1,2,New / Promising
12763,137,2,494.08,2,2,2,Lost
15447,330,5,492.88,2,3,2,At-Risk
14270,331,1,492.65,2,1,2,Lost
18203,156,4,492.52,2,3,2,At-Risk
14310,432,1,492.1,1,1,2,Lost
13732,27,1,491.86,3,1,2,New / Promising
17269,385,1,491.81,1,1,2,Lost
14663,429,2,490.6,1,2,2,Lost
15000,47,1,490.52,3,1,2,New / Promising
15877,1,2,490.33,4,2,2,New / Promising
14416,21,2,490.22,4,2,2,New / Promising
12983,597,1,490.08,1,1,2,Lost
12634,535,2,490.0,1,2,2,Lost
17476,395,2,489.86,1,2,2,Lost
17715,200,2,489.6,2,2,2,Lost
17988,11,14,489.54,4,4,2,Champions
14722,146,3,489.52,2,2,2,Lost
18280,277,2,488.15,2,2,2,Lost
17608,32,4,488.06,3,3,2,Loyal
15165,372,1,487.75,2,1,2,Lost
13412,619,1,487.35,1,1,2,Lost
13733,410,2,487.03,1,2,2,Lost
16021,394,2,487.03,1,2,2,Lost
13675,150,2,486.82,2,2,2,Lost
17453,17,2,486.72,4,2,2,New / Promising
12920,16,4,486.64,4,3,2,Loyal
13153,5,1,486.22,4,1,2,New / Promising
15216,87,2,486.09,3,2,2,New / Promising
12443,731,1,485.31,1,1,2,Lost
16999,22,2,484.82,4,2,2,New / Promising
16024,11,3,483.99,4,2,2,New / Promising
16603,74,2,482.47,3,2,2,New / Promising
17996,379,3,482.33,1,2,2,Lost
12542,483,2,481.88,1,2,2,Lost
18216,30,1,481.75,3,1,2,New / Promising
17106,388,1,481.58,1,1,2,Lost
13176,45,1,481.49,3,1,2,New / Promising
15174,322,2,481.46,2,2,2,Lost
13428,9,3,478.54,4,2,2,New / Promising
15589,255,3,478.53,2,2,2,Lost
12447,242,1,476.49,2,1,2,Lost
18176,357,1,476.35,2,1,2,Lost
15277,46,2,476.34,3,2,2,New / Promising
15507,171,1,475.86,2,1,2,Lost
15780,183,3,475.28,2,2,2,Lost
14322,428,4,474.1,1,3,2,At-Risk
17104,423,1,474.03,1,1,2,Lost
16635,406,1,473.0,1,1,2,Lost
13194,135,2,472.78,2,2,2,Lost
14975,56,2,472.39,3,2,2,New / Promising
13642,215,4,472.2,2,3,2,At-Risk
13161,312,2,472.13,2,2,2,Lost
16038,7,3,471.78,4,2,2,New / Promising
15721,11,1,471.4,4,1,2,New / Promising
14237,372,2,471.14,2,2,2,Lost
16473,164,4,470.83,2,3,2,At-Risk
13066,23,2,470.8,4,2,2,New / Promising
15963,19,2,470.76,4,2,2,New / Promising
17254,4,3,469.48,4,2,2,New / Promising
14058,462,2,469.19,1,2,2,Lost
14369,641,2,469.13,1,2,2,Lost
15557,28,1,468.91,3,1,2,New / Promising
15387,491,1,468.65,1,1,2,Lost
12554,448,1,468.5,1,1,2,Lost
13171,21,3,468.41,4,2,2,New / Promising
17294,668,2,467.79,1,2,2,Lost
17187,226,2,467.71,2,2,2,Lost
14029,62,2,467.66,3,2,2,New / Promising
16390,536,3,467.5,1,2,2,Lost
12958,399,2,467.34,1,2,2,Lost
14052,19,2,466.66,4,2,2,New / Promising
14148,233,2,466.29,2,2,2,Lost
16504,24,1,465.88,4,1,2,New / Promising
13248,124,2,465.68,2,2,2,Lost
13928,10,4,464.57,4,3,2,Loyal
15349,157,2,463.91,2,2,2,Lost
14727,273,3,463.73,2,2,2,Lost
18083,397,1,463.53,1,1,2,Lost
17040,137,2,463.25,2,2,2,Lost
17964,31,2,463.21,3,2,2,New / Promising
14627,378,1,462.75,2,1,2,Lost
14331,123,2,462.66,2,2,2,Lost
15958,73,4,462.12,3,3,2,Loyal
14954,11,2,462.12,4,2,2,New / Promising
13624,387,1,462.08,1,1,2,Lost
18284,431,1,461.68,1,1,2,Lost
15540,10,2,460.68,4,2,2,New / Promising
12491,38,1,460.4,3,1,2,New / Promising
16310,413,2,460.08,1,2,2,Lost
17111,46,2,459.58,3,2,2,New / Promising
16596,15,4,458.98,4,3,2,Loyal
14118,428,1,458.45,1,1,2,Lost
13957,417,3,458.25,1,2,2,Lost
14599,389,2,457.89,1,2,2,Lost
14011,479,2,457.82,1,2,2,Lost
15121,49,2,457.72,3,2,2,New / Promising
16069,417,1,457.7,1,1,2,Lost
12375,10,2,457.5,4,2,2,New / Promising
17344,45,2,457.36,3,2,2,New / Promising
12564,260,1,456.9,2,1,2,Lost
14819,63,4,456.41,3,3,2,Loyal
16039,423,2,456.4,1,2,2,Lost
14296,420,2,456.4,1,2,2,Lost
12999,195,3,455.88,2,2,2,Lost
15585,176,1,455.3,2,1,2,Lost
14335,15,2,454.86,4,2,2,New / Promising
16765,293,2,454.75,2,2,2,Lost
17067,724,3,454.54,1,2,2,Lost
12459,604,1,454.36,1,1,2,Lost
17140,246,1,454.12,2,1,2,Lost
15475,76,1,454.11,3,1,2,New / Promising
17564,23,3,454.01,4,2,2,New / Promising
17376,70,4,453.64,3,3,2,Loyal
18158,8,2,453.4,4,2,2,New / Promising
16481,681,1,453.38,1,1,2,Lost
12729,113,1,453.01,2,1,2,Lost
14184,66,1,452.89,3,1,2,New / Promising
16799,431,2,452.78,1,2,2,Lost
13698,596,2,451.73,1,2,2,Lost
18100,549,1,451.56,1,1,2,Lost
15802,142,1,451.42,2,1,2,Lost
18031,378,1,451.3,2,1,2,Lost
15961,378,1,451.29,2,1,2,Lost
12831,261,3,451.11,2,2,2,Lost
15124,22,4,450.82,4,3,2,Loyal
16870,468,1,450.16,1,1,2,Lost
13150,483,3,449.97,1,2,2,Lost
14784,25,3,449.93,3,2,2,New / Promising
13877,85,3,449.68,3,2,2,New / Promising
13489,104,4,449.52,2,3,2,At-Risk
15126,536,2,449.49,1,2,2,Lost
12448,43,1,449.45,3,1,2,New / Promising
15418,424,2,449.42,1,2,2,Lost
17823,420,2,449.25,1,2,2,Lost
15739,65,1,449.12,3,1,2,New / Promising
14761,58,3,447.92,3,2,2,New / Promising
14780,54,2,447.68,3,2,2,New / Promising
18201,722,1,447.53,1,1,2,Lost
16095,455,1,447.05,1,1,2,Lost
13754,151,3,447.05,2,2,2,Lost
14149,220,1,446.62,2,1,2,Lost
17370,72,4,446.18,3,3,2,Loyal
14010,564,2,445.15,1,2,2,Lost
14328,437,1,445.05,1,1,2,Lost
18134,597,2,445.0,1,2,2,Lost
12788,462,4,444.9,1,3,2,At-Risk
18270,37,3,444.55,3,2,2,New / Promising
14638,50,1,443.6,3,1,2,New / Promising
16424,190,2,443.06,2,2,2,Lost
16404,69,1,443.05,3,1,2,New / Promising
18222,92,1,443.0,3,1,2,New / Promising
14996,480,2,442.29,1,2,2,Lost
17699,476,2,442.0,1,2,2,Lost
12579,77,1,440.42,3,1,2,New / Promising
18233,325,1,440.0,2,1,2,Lost
13954,1,2,439.92,4,2,2,New / Promising
17643,372,2,439.7,2,2,2,Lost
16025,29,1,439.66,3,1,2,New / Promising
16968,3,2,439.43,4,2,2,New / Promising
13086,382,1,439.33,1,1,2,Lost
17718,231,2,439.18,2,2,2,Lost
13432,570,2,439.1,1,2,2,Lost
16519,24,4,439.06,4,3,2,Loyal
13358,268,1,439.03,2,1,2,Lost
13964,386,2,438.9,1,2,2,Lost
17729,595,1,438.65,1,1,2,Lost
15859,431,1,438.46,1,1,2,Lost
17807,394,3,437.87,1,2,2,Lost
12552,38,2,437.82,3,2,2,New / Promising
17070,113,2,437.42,2,2,2,Lost
14846,426,1,437.4,1,1,2,Lost
12672,329,2,437.05,2,2,2,Lost
14123,732,1,436.18,1,1,2,Lost
16084,298,1,436.18,2,1,2,Lost
16166,427,2,435.83,1,2,2,Lost
12445,21,2,434.98,4,2,2,New / Promising
13738,395,1,434.78,1,1,2,Lost
15323,562,3,434.6,1,2,2,Lost
14910,2,4,434.35,4,3,2,Loyal
14238,325,3,434.23,2,2,2,Lost
16888,400,3,434.2,1,2,2,Lost
14093,11,1,433.86,4,1,2,New / Promising
16939,488,3,433.85,1,2,2,Lost
18029,641,1,433.77,1,1,2,Lost
12493,165,2,433.74,2,2,2,Lost
15613,609,1,433.72,1,1,2,Lost
16522,435,2,433.36,1,2,2,Lost
17178,730,1,432.96,1,1,2,Lost
17687,420,1,432.68,1,1,2,Lost
16604,562,2,432.45,1,2,2,Lost
16236,77,1,432.2,3,1,2,New / Promising
16881,66,1,432.0,3,1,2,New / Promising
14042,724,1,431.98,1,1,2,Lost
15488,92,5,431.92,3,3,2,Loyal
17842,601,1,430.69,1,1,2,Lost
12452,16,2,430.57,4,2,2,New / Promising
12795,18,1,430.48,4,1,2,New / Promising
12827,5,3,430.15,4,2,2,New / Promising
15450,29,1,429.84,3,1,2,New / Promising
15461,460,2,429.7,1,2,2,Lost
14979,734,1,429.66,1,1,2,Lost
15230,238,2,429.6,2,2,2,Lost
15036,71,3,429.56,3,2,2,New / Promising
13413,639,6,429.44,1,3,2,At-Risk
15888,80,3,429.16,3,2,2,New / Promising
15553,59,1,428.93,3,1,2,New / Promising
18089,446,1,428.45,1,1,2,Lost
15360,39,1,427.93,3,1,2,New / Promising
12740,63,1,427.6,3,1,2,New / Promising
18285,660,1,427.0,1,1,2,Lost
17740,388,6,426.9,1,3,2,At-Risk
18152,645,1,426.69,1,1,2,Lost
15930,66,1,426.63,3,1,2,New / Promising
14288,212,1,426.6,2,1,2,Lost
15966,450,1,426.53,1,1,2,Lost
15217,562,1,426.24,1,1,2,Lost
14877,417,2,425.85,1,2,2,Lost
13703,317,2,425.56,2,2,2,Lost
17103,721,1,424.3,1,1,2,Lost
16541,734,1,424.03,1,1,2,Lost
16913,289,3,423.91,2,2,2,Lost
17330,22,4,423.8,4,3,2,Loyal
14097,480,2,422.86,1,2,2,Lost
13374,414,2,422.8,1,2,2,Lost
16137,679,1,422.7,1,1,2,Lost
16689,75,2,422.6,3,2,2,New / Promising
18240,45,1,422.58,3,1,2,New / Promising
16149,4,3,422.22,4,2,2,New / Promising
13807,366,3,422.2,2,2,2,Lost
16773,56,3,421.24,3,2,2,New / Promising
14757,74,1,420.5,3,1,2,New / Promising
15206,9,4,420.3,4,3,2,Loyal
15711,556,2,420.25,1,2,2,Lost
14575,487,1,420.22,1,1,2,Lost
13672,300,3,419.92,2,2,2,Lost
13442,666,3,419.87,1,2,2,Lost
13096,393,1,419.7,1,1,2,Lost
14124,83,1,419.58,3,1,2,New / Promising
13079,3,6,419.18,4,3,2,Loyal
15262,323,3,418.82,2,2,2,Lost
12593,108,3,418.1,2,2,2,Lost
13073,410,2,418.08,1,2,2,Lost
17701,252,1,417.95,2,1,2,Lost
17232,2,2,417.77,4,2,2,New / Promising
16832,183,5,417.61,2,3,2,At-Risk
14762,263,2,417.57,2,2,2,Lost
12833,144,1,417.38,2,1,2,Lost
17258,396,2,417.3,1,2,2,Lost
16816,102,4,417.06,2,3,2,At-Risk
15935,238,2,416.86,2,2,2,Lost
16957,238,2,416.64,2,2,2,Lost
15011,395,2,416.6,1,2,2,Lost
16355,374,1,416.35,2,1,2,Lost
16356,197,6,415.87,2,3,2,At-Risk
12930,77,2,415.8,3,2,2,New / Promising
12608,404,1,415.79,1,1,2,Lost
15725,14,1,415.25,4,1,2,New / Promising
14333,67,1,415.2,3,1,2,New / Promising
13565,18,3,414.8,4,2,2,New / Promising
18278,73,2,414.2,3,2,2,New / Promising
13002,317,3,414.13,2,2,2,Lost
13669,50,3,413.55,3,2,2,New / Promising
14082,364,2,413.36,2,2,2,Lost
17601,238,2,413.08,2,2,2,Lost
17767,14,2,413.05,4,2,2,New / Promising
17662,661,2,412.92,1,2,2,Lost
14620,205,2,412.78,2,2,2,Lost
16932,52,3,412.55,3,2,2,New / Promising
18050,358,2,412.06,2,2,2,Lost
16272,116,1,411.7,2,1,2,Lost
15960,373,4,410.95,2,3,2,At-Risk
18011,372,2,410.79,2,2,2,Lost
15099,83,1,410.48,3,1,2,New / Promising
17598,380,1,409.98,1,1,2,Lost
13827,57,3,409.8,3,2,2,New / Promising
14581,16,2,409.65,4,2,2,New / Promising
14348,259,1,409.57,2,1,2,Lost
15225,233,1,409.4,2,1,2,Lost
16864,433,2,409.25,1,2,2,Lost
16921,60,3,409.21,3,2,2,New / Promising
16243,33,2,409.1,3,2,2,New / Promising
13686,182,3,409.04,2,2,2,Lost
12974,197,2,408.95,2,2,2,Lost
16629,73,2,408.63,3,2,2,New / Promising
16324,127,3,408.59,2,2,2,Lost
17285,627,2,407.94,1,2,2,Lost
12353,203,2,406.76,2,2,2,Lost
16632,485,2,406.4,1,2,2,Lost
17000,395,2,406.3,1,2,2,Lost
15342,129,1,406.09,2,1,2,Lost
12741,528,2,406.07,1,2,2,Lost
16815,453,2,406.02,1,2,2,Lost
18111,588,1,405.85,1,1,2,Lost
12922,160,1,405.38,2,1,2,Lost
13143,584,1,405.1,1,1,2,Lost
15941,636,1,405.0,1,1,2,Lost
13640,610,1,405.0,1,1,2,Lost
15968,387,1,404.55,1,1,2,Lost
13574,410,1,404.45,1,1,2,Lost
16319,217,1,404.4,2,1,2,Lost
16484,173,2,404.3,2,2,2,Lost
12498,20,3,403.7,4,2,2,New / Promising
14678,578,1,403.39,1,1,2,Lost
17785,52,3,403.38,3,2,2,New / Promising
17431,312,1,403.3,2,1,2,Lost
13530,633,1,402.98,1,1,2,Lost
16315,330,2,402.71,2,2,2,Lost
15504,80,4,402.7,3,3,2,Loyal
17094,321,2,402.2,2,2,2,Lost
16998,149,5,402.0,2,3,2,At-Risk
12386,337,2,401.9,2,2,2,Lost
14494,25,3,401.46,3,2,2,New / Promising
14471,590,2,400.95,1,2,2,Lost
17168,498,1,400.2,1,1,2,Lost
14358,388,2,400.06,1,2,2,Lost
15501,404,2,399.95,1,2,2,Lost
15446,376,3,399.75,2,2,2,Lost
18164,36,1,399.65,3,1,2,New / Promising
13252,393,2,399.3,1,2,2,Lost
18128,536,1,399.29,1,1,2,Lost
17052,27,1,399.09,3,1,2,New / Promising
17830,1,3,398.7,4,2,2,New / Promising
15522,32,2,397.99,3,2,2,New / Promising
13352,59,1,397.98,3,1,2,New / Promising
12508,25,2,397.88,3,2,2,New / Promising
15037,375,2,397.76,2,2,2,Lost
15280,171,3,397.52,2,2,2,Lost
15429,26,2,397.35,3,2,2,New / Promising
17789,280,2,397.15,2,2,2,Lost
12824,59,1,397.12,3,1,2,New / Promising
17486,260,1,396.87,2,1,2,Lost
13597,399,2,396.71,1,2,2,Lost
15883,1,2,396.48,4,2,2,New / Promising
17918,500,3,396.39,1,2,2,Lost
18067,39,1,396.33,3,1,2,New / Promising
15577,150,5,396.03,2,3,2,At-Risk
13879,645,1,395.5,1,1,2,Lost
13083,3,3,395.43,4,2,2,New / Promising
12677,554,2,395.1,1,2,2,Lost
16538,540,3,395.07,1,2,2,Lost
18048,202,3,394.93,2,2,2,Lost
16207,24,1,394.38,4,1,2,New / Promising
15386,185,1,394.14,2,1,2,Lost
12499,559,1,393.72,1,1,2,Lost
17300,390,2,393.64,1,2,2,Lost
15345,45,1,393.54,3,1,2,New / Promising
15437,261,2,393.45,2,2,2,Lost
17563,577,2,392.38,1,2,2,Lost
18110,19,2,392.28,4,2,2,New / Promising
16827,392,5,392.13,1,3,2,At-Risk
16783,436,1,391.95,1,1,2,Lost
14072,666,1,390.85,1,1,2,Lost
14197,410,1,390.05,1,1,2,Lost
17116,647,1,389.78,1,1,2,Lost
18024,152,2,389.78,2,2,2,Lost
17379,10,1,389.72,4,1,2,New / Promising
14752,43,1,389.64,3,1,2,New / Promising
13345,287,1,389.5,2,1,2,Lost
17479,632,1,389.26,1,1,2,Lost
17286,21,3,389.18,4,2,2,New / Promising
12690,205,1,389.01,2,1,2,Lost
18227,217,2,388.75,2,2,2,Lost
15592,46,1,388.58,3,1,2,New / Promising
13896,625,1,388.55,1,1,2,Lost
13899,15,2,388.52,4,2,2,New / Promising
13673,18,2,387.44,4,2,2,New / Promising
17771,56,4,387.41,3,3,2,Loyal
17595,11,2,386.69,4,2,2,New / Promising
16148,295,2,386.62,2,2,2,Lost
17614,56,1,386.32,3,1,2,New / Promising
14779,280,3,386.15,2,2,2,Lost
13584,306,3,385.7,2,2,2,Lost
16492,540,1,385.56,1,1,2,Lost
12973,413,1,385.55,1,1,2,Lost
12889,380,4,385.46,1,3,2,At-Risk
12829,336,3,385.3,2,2,2,Lost
14826,581,2,385.2,1,2,2,Lost
17617,558,1,385.19,1,1,2,Lost
17711,10,2,385.1,4,2,2,New / Promising
17171,288,2,384.59,2,2,2,Lost
16868,393,3,384.56,1,2,2,Lost
16433,27,2,384.52,3,2,2,New / Promising
17357,23,2,384.39,4,2,2,New / Promising
13966,434,1,384.26,1,1,2,Lost
16982,60,1,384.06,3,1,2,New / Promising
14598,43,2,384.04,3,2,2,New / Promising
15155,382,1,383.97,1,1,2,Lost
13792,65,3,383.95,3,2,2,New / Promising
17804,375,3,383.78,2,2,2,Lost
12515,352,1,383.7,2,1,2,Lost
15440,54,3,383.68,3,2,2,New / Promising
12547,197,3,383.58,2,2,2,Lost
12832,31,2,383.03,3,2,2,New / Promising
13817,28,2,382.98,3,2,2,New / Promising
17403,35,2,382.87,3,2,2,New / Promising
14767,473,1,382.81,1,1,2,Lost
16988,4,2,382.67,4,2,2,New / Promising
13657,10,2,382.14,4,2,2,New / Promising
17753,463,4,382.06,1,3,2,At-Risk
17250,3,2,381.97,4,2,2,New / Promising
14908,73,2,381.9,3,2,2,New / Promising
16304,694,1,381.66,1,1,2,Lost
15090,307,1,381.32,2,1,2,Lost
17393,410,2,381.15,1,2,2,Lost
17903,393,1,381.09,1,1,2,Lost
12796,627,1,381.0,1,1,2,Lost
15048,64,4,381.0,3,3,2,Loyal
17573,28,3,380.6,3,2,2,New / Promising
17936,4,1,380.13,4,1,2,New / Promising
14731,46,3,380.02,3,2,2,New / Promising
16577,666,1,380.0,1,1,2,Lost
16552,242,2,379.73,2,2,2,Lost
14200,616,1,379.2,1,1,2,Lost
16909,71,1,379.14,3,1,2,New / Promising
16930,25,3,378.89,3,2,2,New / Promising
13372,89,1,378.64,3,1,2,New / Promising
17078,35,2,378.2,3,2,2,New / Promising
12651,334,4,377.75,2,3,2,At-Risk
12941,723,1,377.49,1,1,2,Lost
17736,8,3,377.44,4,2,2,New / Promising
17783,71,3,376.96,3,2,2,New / Promising
17717,420,1,376.92,1,1,2,Lost
16544,519,4,376.7,1,3,2,At-Risk
17489,58,2,376.64,3,2,2,New / Promising
14353,214,3,376.5,2,2,2,Lost
13997,518,3,376.46,1,2,2,Lost
14531,479,1,376.34,1,1,2,Lost
13688,634,1,375.5,1,1,2,Lost
14448,8,2,375.35,4,2,2,New / Promising
14294,406,1,375.34,1,1,2,Lost
14067,63,2,374.7,3,2,2,New / Promising
17912,309,6,374.55,2,3,2,At-Risk
17568,632,1,374.45,1,1,2,Lost
14736,484,2,374.05,1,2,2,Lost
13351,65,1,373.94,3,1,2,New / Promising
13283,59,4,373.36,3,3,2,Loyal
17810,668,2,373.16,1,2,2,Lost
15337,410,1,373.02,1,1,2,Lost
13197,609,1,373.01,1,1,2,Lost
14981,245,2,372.92,2,2,2,Lost
12895,41,2,372.8,3,2,2,New / Promising
12544,35,1,372.7,3,1,2,New / Promising
12981,29,2,372.22,3,2,2,New / Promising
13164,568,2,372.2,1,2,2,Lost
17245,204,2,371.63,2,2,2,Lost
18155,74,3,371.62,3,2,2,New / Promising
15472,112,1,371.56,2,1,2,Lost
18162,731,1,371.51,1,1,2,Lost
14950,18,1,371.2,4,1,2,New / Promising
15975,83,1,371.01,3,1,2,New / Promising
15063,212,1,370.8,2,1,2,Lost
15765,666,1,370.63,1,1,2,Lost
14168,420,2,370.45,1,2,2,Lost
15458,24,2,370.44,4,2,2,New / Promising
17437,529,1,369.68,1,1,2,Lost
15922,372,1,369.5,2,1,2,Lost
16758,64,1,369.34,3,1,2,New / Promising
14888,206,1,369.2,2,1,2,Lost
14172,604,3,369.02,1,2,2,Lost
15477,649,1,368.4,1,1,2,Lost
17792,466,2,368.35,1,2,2,Lost
15989,375,2,368.31,2,2,2,Lost
14706,618,1,367.54,1,1,2,Lost
14018,644,1,367.15,1,1,2,Lost
14962,270,4,366.91,2,3,2,At-Risk
14244,660,1,366.42,1,1,2,Lost
12899,413,1,366.4,1,1,2,Lost
17911,8,1,366.23,4,1,2,New / Promising
16974,522,2,365.5,1,2,2,Lost
15029,619,1,365.1,1,1,2,Lost
13545,390,2,364.93,1,2,2,Lost
17536,176,3,364.83,2,2,2,Lost
14886,252,1,364.8,2,1,2,Lost
15949,16,2,364.72,4,2,2,New / Promising
15343,86,1,364.5,3,1,2,New / Promising
15915,401,1,364.45,1,1,2,Lost
14528,36,1,364.22,3,1,2,New / Promising
16509,296,1,363.7,2,1,2,Lost
14253,492,2,363.4,1,2,2,Lost
14594,6,2,363.33,4,2,2,New / Promising
16078,283,2,362.99,2,2,2,Lost
16378,246,3,362.95,2,2,2,Lost
13962,21,3,362.8,4,2,2,New / Promising
14840,267,2,362.71,2,2,2,Lost
14122,405,3,362.42,1,2,2,Lost
16052,53,1,362.06,3,1,2,New / Promising
13844,10,1,361.62,4,1,2,New / Promising
16305,138,1,361.22,2,1,2,Lost
16448,197,2,361.12,2,2,2,Lost
18091,592,1,360.85,1,1,2,Lost
13274,408,1,360.85,1,1,2,Lost
17772,10,3,360.75,4,2,2,New / Promising
17012,724,1,360.61,1,1,2,Lost
17945,696,3,360.35,1,2,2,Lost
18208,565,1,360.08,1,1,2,Lost
15008,479,2,360.0,1,2,2,Lost
13298,0,1,360.0,4,1,2,New / Promising
13181,380,1,359.69,1,1,2,Lost
14926,381,2,359.4,1,2,2,Lost
14919,538,1,359.35,1,1,2,Lost
15120,133,1,358.82,2,1,2,Lost
17948,146,1,358.56,2,1,2,Lost
16856,14,3,358.49,4,2,2,New / Promising
17748,526,1,358.15,1,1,2,Lost
13228,80,1,358.0,3,1,2,New / Promising
16606,403,2,357.66,1,2,2,Lost
15595,487,1,357.6,1,1,2,Lost
12495,640,1,357.4,1,1,2,Lost
16971,37,1,357.21,3,1,2,New / Promising
18040,18,2,357.2,4,2,2,New / Promising
18273,1,4,357.0,4,3,2,Loyal
14500,87,3,356.85,3,2,2,New / Promising
17200,386,4,356.71,1,3,2,At-Risk
15840,58,2,355.56,3,2,2,New / Promising
12996,375,1,355.5,2,1,2,Lost
16920,410,1,355.45,1,1,2,Lost
15863,25,5,355.1,3,3,2,Loyal
14268,470,1,354.85,1,1,2,Lost
15986,29,2,354.42,3,2,2,New / Promising
12888,213,2,354.12,2,2,2,Lost
12845,266,4,354.09,2,3,2,At-Risk
16323,195,2,353.66,2,2,2,Lost
18003,375,1,353.51,2,1,2,Lost
13210,93,1,353.48,3,1,2,New / Promising
13343,177,1,353.43,2,1,2,Lost
14804,8,1,353.27,4,1,2,New / Promising
16382,407,2,353.1,1,2,2,Lost
16690,71,4,353.03,3,3,2,Loyal
12617,28,1,352.98,3,1,2,New / Promising
13765,652,1,352.82,1,1,2,Lost
16857,442,1,352.8,1,1,2,Lost
16274,372,1,351.75,2,1,2,Lost
12566,85,1,351.65,3,1,2,New / Promising
16192,735,1,351.3,1,1,2,Lost
13923,53,1,351.13,3,1,2,New / Promising
14252,380,1,350.99,1,1,2,Lost
13332,13,1,350.9,4,1,2,New / Promising
13281,438,1,350.85,1,1,2,Lost
15334,156,3,350.82,2,2,2,Lost
16476,431,1,350.35,1,1,2,Lost
12532,29,1,349.83,3,1,2,New / Promising
13670,74,1,349.7,3,1,2,New / Promising
13887,203,1,349.55,2,1,2,Lost
18250,309,1,349.27,2,1,2,Lost
14545,673,1,349.25,1,1,2,Lost
17252,116,2,348.91,2,2,2,Lost
13790,3,1,348.8,4,1,2,New / Promising
17577,644,2,348.75,1,2,2,Lost
15282,569,1,348.59,1,1,2,Lost
16263,422,1,348.16,1,1,2,Lost
12760,455,1,347.8,1,1,2,Lost
17668,0,2,347.75,4,2,2,New / Promising
15085,729,1,347.54,1,1,2,Lost
13062,190,1,346.98,2,1,2,Lost
12411,409,1,346.9,1,1,2,Lost
17780,666,3,346.56,1,2,2,Lost
13234,672,2,346.5,1,2,2,Lost
16423,24,1,346.12,4,1,2,New / Promising
15781,24,3,345.46,4,2,2,New / Promising
13774,81,1,345.0,3,1,2,New / Promising
14633,265,1,344.9,2,1,2,Lost
18199,683,1,344.75,1,1,2,Lost
15519,382,2,344.61,1,2,2,Lost
17569,331,1,344.14,2,1,2,Lost
16990,218,2,344.0,2,2,2,Lost
13068,9,2,344.0,4,2,2,New / Promising
15047,269,1,343.62,2,1,2,Lost
15520,1,1,343.5,4,1,2,New / Promising
18081,35,3,343.45,3,2,2,New / Promising
12715,105,1,343.36,2,1,2,Lost
13519,77,2,343.21,3,2,2,New / Promising
17795,179,2,342.83,2,2,2,Lost
13550,382,1,342.55,1,1,2,Lost
16851,3,3,342.45,4,2,2,New / Promising
14989,661,1,342.4,1,1,2,Lost
17835,2,3,342.24,4,2,1,New / Promising
17660,140,2,342.22,2,2,1,Lost
14724,589,1,341.9,1,1,1,Lost
16826,50,1,341.7,3,1,1,New / Promising
16585,593,2,341.59,1,2,1,Lost
13187,336,4,341.36,2,3,1,At-Risk
13347,69,1,341.36,3,1,1,New / Promising
17928,44,3,341.24,3,2,1,New / Promising
16259,409,3,340.94,1,2,1,Lost
14491,174,2,340.93,2,2,1,Lost
17542,269,3,340.85,2,2,1,Lost
16044,434,1,340.84,1,1,1,Lost
15818,587,1,340.5,1,1,1,Lost
12900,421,1,340.33,1,1,1,Lost
12698,589,1,339.75,1,1,1,Lost
13737,199,1,339.6,2,1,1,Lost
14203,396,1,339.34,1,1,1,Lost
17697,235,1,338.95,2,1,1,Lost
14630,483,1,338.65,1,1,1,Lost
17833,722,1,338.46,1,1,1,Lost
14799,50,2,338.15,3,2,1,New / Promising
17296,729,1,338.13,1,1,1,Lost
12869,681,1,337.67,1,1,1,Lost
15942,133,1,337.44,2,1,1,Lost
12780,598,1,337.4,1,1,1,Lost
13930,57,2,337.34,3,2,1,New / Promising
17973,51,1,337.04,3,1,1,New / Promising
17488,640,1,336.5,1,1,1,Lost
15619,10,1,336.4,4,1,1,New / Promising
13482,231,2,336.09,2,2,1,Lost
14196,106,1,335.52,2,1,1,Lost
16063,259,1,335.32,2,1,1,Lost
17917,44,3,335.03,3,2,1,New / Promising
12489,335,1,334.93,2,1,1,Lost
17821,405,1,334.62,1,1,1,Lost
12350,309,1,334.4,2,1,1,Lost
17607,375,1,333.81,2,1,1,Lost
13216,267,1,333.74,2,1,1,Lost
14241,183,2,333.7,2,2,1,Lost
16234,475,3,333.18,1,2,1,Lost
16006,210,2,332.82,2,2,1,Lost
14137,695,1,332.7,1,1,1,Lost
13904,36,2,332.64,3,2,1,New / Promising
16850,333,1,332.41,2,1,1,Lost
16803,64,1,332.3,3,1,1,New / Promising
16452,630,2,332.17,1,2,1,Lost
17647,64,3,331.66,3,2,1,New / Promising
15512,155,4,331.58,2,3,1,At-Risk
17435,410,1,331.35,1,1,1,Lost
16030,309,1,331.24,2,1,1,Lost
13981,415,1,331.14,1,1,1,Lost
16478,24,3,331.0,4,2,1,New / Promising
15878,561,2,330.77,1,2,1,Lost
17776,386,2,330.56,1,2,1,Lost
14517,32,2,330.45,3,2,1,New / Promising
12807,382,1,330.35,1,1,1,Lost
13010,373,2,330.12,2,2,1,Lost
15130,169,1,330.11,2,1,1,Lost
12850,445,1,330.0,1,1,1,Lost
18186,722,1,329.58,1,1,1,Lost
17518,425,2,329.42,1,2,1,Lost
17914,3,1,329.36,4,1,1,New / Promising
17154,74,1,329.34,3,1,1,New / Promising
15153,30,1,329.25,3,1,1,New / Promising
15979,602,1,329.22,1,1,1,Lost
15880,368,1,329.03,2,1,1,Lost
16286,476,2,328.95,1,2,1,Lost
14012,277,1,328.8,2,1,1,Lost
16855,23,2,328.4,4,2,1,New / Promising
15213,318,2,328.35,2,2,1,Lost
14747,248,1,328.2,2,1,1,Lost
16318,34,1,328.15,3,1,1,New / Promising
15709,283,2,327.85,2,2,1,Lost
17196,427,1,327.75,1,1,1,Lost
15735,420,1,327.68,1,1,1,Lost
13498,729,1,327.38,1,1,1,Lost
16322,0,2,326.75,4,2,1,New / Promising
12460,455,1,326.65,1,1,1,Lost
13646,399,2,326.25,1,2,1,Lost
18047,380,2,326.09,1,2,1,Lost
17439,655,1,325.74,1,1,1,Lost
12804,465,2,325.37,1,2,1,Lost
13661,602,1,325.24,1,1,1,Lost
15670,296,2,325.2,2,2,1,Lost
13801,66,1,324.8,3,1,1,New / Promising
15982,604,1,324.51,1,1,1,Lost
12946,436,1,324.45,1,1,1,Lost
16685,60,2,324.24,3,2,1,New / Promising
18261,42,2,324.24,3,2,1,New / Promising
13834,576,2,324.19,1,2,1,Lost
17440,156,4,323.58,2,3,1,At-Risk
13025,731,1,323.39,1,1,1,Lost
16195,722,1,323.25,1,1,1,Lost
14263,422,1,322.93,1,1,1,Lost
16627,78,1,322.8,3,1,1,New / Promising
14832,629,1,322.69,1,1,1,Lost
16342,74,4,322.41,3,3,1,Loyal
14424,17,1,322.08,4,1,1,New / Promising
15726,389,1,321.91,1,1,1,Lost
18090,421,1,321.9,1,1,1,Lost
13111,718,1,321.88,1,1,1,Lost
17976,371,1,321.79,2,1,1,Lost
17471,474,1,321.65,1,1,1,Lost
14070,684,1,321.6,1,1,1,Lost
15770,612,1,321.45,1,1,1,Lost
14823,179,3,321.43,2,2,1,Lost
17182,422,2,321.3,1,2,1,Lost
15869,276,3,321.11,2,2,1,Lost
15236,298,1,321.05,2,1,1,Lost
15432,22,2,320.76,4,2,1,New / Promising
14622,184,1,320.58,2,1,1,Lost
13986,16,1,320.46,4,1,1,New / Promising
17843,302,2,320.4,2,2,1,Lost
17309,94,3,320.39,3,2,1,New / Promising
16683,533,1,320.25,1,1,1,Lost
13942,534,1,320.0,1,1,1,Lost
13843,380,1,319.75,1,1,1,Lost
16436,667,3,319.14,1,2,1,Lost
16967,188,1,319.02,2,1,1,Lost
17229,95,2,318.76,2,2,1,Lost
16273,647,2,318.34,1,2,1,Lost
15682,598,2,318.24,1,2,1,Lost
14703,14,1,318.17,4,1,1,New / Promising
17839,41,1,318.15,3,1,1,New / Promising
18253,642,1,317.88,1,1,1,Lost
17267,126,2,317.2,2,2,1,Lost
15616,437,1,317.11,1,1,1,Lost
17689,387,2,317.08,1,2,1,Lost
16761,96,1,316.62,2,1,1,Lost
15204,356,1,316.58,2,1,1,Lost
12529,527,1,316.48,1,1,1,Lost
13494,311,1,316.26,2,1,1,Lost
17408,162,3,316.09,2,2,1,Lost
18117,25,1,315.65,3,1,1,New / Promising
12614,277,1,315.6,2,1,1,Lost
15042,198,2,315.45,2,2,1,Lost
16091,154,2,315.06,2,2,1,Lost
17121,402,1,314.74,1,1,1,Lost
14991,429,1,314.67,1,1,1,Lost
18206,552,1,314.66,1,1,1,Lost
12650,2,1,314.44,4,1,1,New / Promising
18070,668,1,314.1,1,1,1,Lost
15873,499,4,313.92,1,3,1,At-Risk
15196,432,2,313.7,1,2,1,Lost
13087,725,1,313.64,1,1,1,Lost
16582,112,1,313.62,2,1,1,Lost
12665,324,3,313.6,2,2,1,Lost
13845,64,1,312.98,3,1,1,New / Promising
15162,730,1,312.9,1,1,1,Lost
13905,732,1,312.65,1,1,1,Lost
15318,3,1,312.62,4,1,1,New / Promising
13226,272,2,312.46,2,2,1,Lost
12834,282,1,312.38,2,1,1,Lost
17326,407,2,312.35,1,2,1,Lost
14094,439,1,311.77,1,1,1,Lost
14951,78,1,311.69,3,1,1,New / Promising
12852,294,1,311.55,2,1,1,Lost
13990,212,1,311.3,2,1,1,Lost
15724,200,3,310.85,2,2,1,Lost
13400,582,1,310.83,1,1,1,Lost
16328,562,1,310.83,1,1,1,Lost
13847,719,1,310.72,1,1,1,Lost
16439,721,1,310.7,1,1,1,Lost
15185,69,1,310.62,3,1,1,New / Promising
14848,404,1,310.56,1,1,1,Lost
15308,273,1,310.47,2,1,1,Lost
15188,724,1,310.43,1,1,1,Lost
13315,688,1,310.26,1,1,1,Lost
14749,479,1,310.15,1,1,1,Lost
13628,675,1,310.14,1,1,1,Lost
17181,56,3,309.85,3,2,1,New / Promising
15699,17,1,309.65,4,1,1,New / Promising
16373,381,2,309.49,1,2,1,Lost
12884,87,1,309.05,3,1,1,New / Promising
15010,35,1,308.94,3,1,1,New / Promising
16956,17,1,308.74,4,1,1,New / Promising
16194,374,1,308.6,2,1,1,Lost
14181,410,2,308.35,1,2,1,Lost
13369,365,1,308.28,2,1,1,Lost
14927,396,1,308.2,1,1,1,Lost
15302,729,1,308.0,1,1,1,Lost
13289,723,1,307.95,1,1,1,Lost
15778,430,1,307.95,1,1,1,Lost
16123,51,1,307.78,3,1,1,New / Promising
13529,78,2,307.76,3,2,1,New / Promising
14777,403,1,307.56,1,1,1,Lost
13060,253,1,307.53,2,1,1,Lost
17120,232,1,307.46,2,1,1,Lost
13932,294,1,307.4,2,1,1,Lost
15374,128,2,307.32,2,2,1,Lost
14783,658,1,307.3,1,1,1,Lost
17721,658,1,307.21,1,1,1,Lost
13036,684,1,307.1,1,1,1,Lost
13142,18,1,307.09,4,1,1,New / Promising
15087,281,1,306.94,2,1,1,Lost
13660,399,1,306.64,1,1,1,Lost
16649,519,1,306.58,1,1,1,Lost
13718,245,2,306.55,2,2,1,Lost
18059,22,3,306.46,4,2,1,New / Promising
16524,445,2,306.19,1,2,1,Lost
17077,577,1,306.0,1,1,1,Lost
15454,361,2,305.99,2,2,1,Lost
15135,238,2,305.68,2,2,1,Lost
16796,88,1,305.62,3,1,1,New / Promising
16181,72,1,305.54,3,1,1,New / Promising
13383,543,1,305.28,1,1,1,Lost
15893,481,1,305.28,1,1,1,Lost
15163,17,2,304.47,4,2,1,New / Promising
18185,248,1,304.25,2,1,1,Lost
16217,234,2,304.25,2,2,1,Lost
16674,54,2,304.24,3,2,1,New / Promising
17688,393,1,304.2,1,1,1,Lost
14990,611,2,304.17,1,2,1,Lost
17383,3,2,304.09,4,2,1,New / Promising
16489,379,2,303.7,1,2,1,Lost
14791,606,1,303.63,1,1,1,Lost
14806,74,2,303.43,3,2,1,New / Promising
18255,88,2,303.15,3,2,1,New / Promising
16425,301,1,302.7,2,1,1,Lost
14043,490,2,302.6,1,2,1,Lost
18165,176,1,302.46,2,1,1,Lost
17339,93,3,302.36,3,2,1,New / Promising
17506,75,1,302.2,3,1,1,New / Promising
15054,11,2,302.1,4,2,1,New / Promising
15242,421,1,302.04,1,1,1,Lost
16297,268,1,301.9,2,1,1,Lost
13773,396,2,301.54,1,2,1,Lost
15667,39,1,301.32,3,1,1,New / Promising
15148,10,1,301.29,4,1,1,New / Promising
13625,596,1,301.26,1,1,1,Lost
16437,380,2,301.25,1,2,1,Lost
12351,374,1,300.93,2,1,1,Lost
16479,9,2,300.83,4,2,1,New / Promising
16050,173,3,300.7,2,2,1,Lost
17556,205,2,300.67,2,2,1,Lost
17793,24,1,300.34,4,1,1,New / Promising
14797,506,1,300.31,1,1,1,Lost
17991,224,3,300.3,2,2,1,Lost
17766,380,2,299.61,1,2,1,Lost
12864,137,2,299.57,2,2,1,Lost
13346,462,6,299.4,1,3,1,At-Risk
17898,84,4,299.18,3,3,1,Loyal
13667,148,1,299.05,2,1,1,Lost
12595,504,1,299.02,1,1,1,Lost
15609,183,1,298.48,2,1,1,Lost
17824,50,1,298.4,3,1,1,New / Promising
12881,275,1,298.0,2,1,1,Lost
18018,107,4,297.99,2,3,1,At-Risk
16583,373,2,297.95,2,2,1,Lost
14835,528,2,297.0,1,2,1,Lost
17627,478,1,296.36,1,1,1,Lost
13751,287,1,296.25,2,1,1,Lost
12898,463,2,296.21,1,2,1,Lost
13504,63,1,295.93,3,1,1,New / Promising
14269,438,1,295.73,1,1,1,Lost
14614,385,1,295.13,1,1,1,Lost
16252,382,1,295.09,1,1,1,Lost
16579,425,1,295.05,1,1,1,Lost
17057,595,1,294.74,1,1,1,Lost
17301,20,2,294.39,4,2,1,New / Promising
15060,7,4,294.25,4,3,1,Loyal
17124,184,1,294.24,2,1,1,Lost
17927,721,1,294.0,1,1,1,Lost
15718,539,1,293.79,1,1,1,Lost
14192,387,1,293.74,1,1,1,Lost
15928,655,1,293.53,1,1,1,Lost
17710,423,1,293.5,1,1,1,Lost
16402,264,2,293.45,2,2,1,Lost
17441,731,1,293.35,1,1,1,Lost
17207,651,1,292.62,1,1,1,Lost
16721,261,1,292.47,2,1,1,Lost
16543,591,1,292.21,1,1,1,Lost
13739,17,2,292.2,4,2,1,New / Promising
14985,197,2,292.01,2,2,1,Lost
13449,23,1,291.88,4,1,1,New / Promising
17907,640,1,291.76,1,1,1,Lost
17882,378,2,291.56,2,2,1,Lost
16615,625,1,291.5,1,1,1,Lost
18182,462,1,291.13,1,1,1,Lost
17551,358,1,290.34,2,1,1,Lost
15391,583,1,289.87,1,1,1,Lost
16897,298,2,289.78,2,2,1,Lost
13796,498,1,289.7,1,1,1,Lost
15962,448,1,289.48,1,1,1,Lost
15041,169,2,289.4,2,2,1,Lost
14162,173,2,289.36,2,2,1,Lost
15545,53,2,288.97,3,2,1,New / Promising
17501,220,2,288.6,2,2,1,Lost
16808,98,2,288.42,2,2,1,Lost
16432,63,1,287.4,3,1,1,New / Promising
17497,389,2,287.25,1,2,1,Lost
13508,243,2,287.05,2,2,1,Lost
14660,86,2,285.74,3,2,1,New / Promising
14402,651,1,285.6,1,1,1,Lost
17636,18,1,285.56,4,1,1,New / Promising
16890,476,3,285.41,1,2,1,Lost
13708,270,1,285.33,2,1,1,Lost
12487,730,1,285.3,1,1,1,Lost
16429,105,1,284.55,2,1,1,Lost
15445,263,2,284.5,2,2,1,Lost
17359,10,2,284.46,4,2,1,New / Promising
15354,602,3,284.4,1,2,1,Lost
13616,567,2,283.85,1,2,1,Lost
15662,660,2,283.73,1,2,1,Lost
13121,268,1,283.73,2,1,1,Lost
13909,422,2,282.85,1,2,1,Lost
15936,378,2,282.79,2,2,1,Lost
13511,676,1,282.76,1,1,1,Lost
12771,485,1,282.3,1,1,1,Lost
16557,23,2,281.85,4,2,1,New / Promising
13326,431,1,281.76,1,1,1,Lost
13679,493,3,281.26,1,2,1,Lost
18042,53,2,281.15,3,2,1,New / Promising
15772,417,1,280.88,1,1,1,Lost
12851,96,2,280.76,2,2,1,Lost
13080,178,4,280.73,2,3,1,At-Risk
14433,465,1,280.7,1,1,1,Lost
14242,234,2,280.55,2,2,1,Lost
13581,308,2,280.53,2,2,1,Lost
17247,14,1,280.09,4,1,1,New / Promising
15556,23,1,279.77,4,1,1,New / Promising
14183,410,2,278.34,1,2,1,Lost
14764,46,1,278.3,3,1,1,New / Promising
14303,406,2,277.94,1,2,1,Lost
15338,676,1,277.93,1,1,1,Lost
15355,28,2,277.05,3,2,1,New / Promising
13606,28,3,276.75,3,2,1,New / Promising
13272,30,2,276.56,3,2,1,New / Promising
12750,128,1,275.88,2,1,1,Lost
13399,463,3,275.4,1,2,1,Lost
16313,2,2,274.15,4,2,1,New / Promising
17072,624,1,273.35,1,1,1,Lost
12789,64,3,273.35,3,2,1,New / Promising
13307,119,3,273.34,2,2,1,Lost
17355,385,1,273.31,1,1,1,Lost
13861,428,2,273.26,1,2,1,Lost
17498,75,1,272.22,3,1,1,New / Promising
13917,49,2,272.04,3,2,1,New / Promising
14816,196,1,271.85,2,1,1,Lost
17292,471,2,271.75,1,2,1,Lost
14436,98,2,271.7,2,2,1,Lost
13058,24,3,271.4,4,2,1,New / Promising
15943,649,2,271.29,1,2,1,Lost
17278,240,2,271.24,2,2,1,Lost
18238,514,1,270.92,1,1,1,Lost
14520,1,2,270.6,4,2,1,New / Promising
16757,318,2,270.48,2,2,1,Lost
12558,7,1,269.96,4,1,1,New / Promising
18267,672,1,269.37,1,1,1,Lost
15964,662,1,269.21,1,1,1,Lost
13533,182,3,269.09,2,2,1,Lost
17264,423,1,268.28,1,1,1,Lost
12751,444,1,268.27,1,1,1,Lost
18254,580,1,267.9,1,1,1,Lost
14039,32,2,267.28,3,2,1,New / Promising
15408,263,1,267.18,2,1,1,Lost
15320,43,1,267.13,3,1,1,New / Promising
15517,232,1,267.03,2,1,1,Lost
15423,37,3,266.89,3,2,1,New / Promising
17786,84,2,266.85,3,2,1,New / Promising
14863,28,1,266.76,3,1,1,New / Promising
13837,211,2,266.59,2,2,1,Lost
14392,431,1,266.4,1,1,1,Lost
15119,245,1,266.4,2,1,1,Lost
12962,6,2,266.39,4,2,1,New / Promising
13973,286,1,264.7,2,1,1,Lost
16334,491,1,263.73,1,1,1,Lost
13128,630,1,263.5,1,1,1,Lost
16089,385,2,263.49,1,2,1,Lost
12892,396,1,263.38,1,1,1,Lost
17808,548,4,262.64,1,3,1,At-Risk
13331,401,1,262.4,1,1,1,Lost
17910,725,1,261.7,1,1,1,Lost
14957,252,2,261.69,2,2,1,Lost
12655,423,1,261.35,1,1,1,Lost
13189,18,2,260.68,4,2,1,New / Promising
17901,28,3,260.08,3,2,1,New / Promising
17022,30,2,260.0,3,2,1,New / Promising
16733,529,1,259.68,1,1,1,Lost
17558,392,1,259.17,1,1,1,Lost
13127,77,1,259.17,3,1,1,New / Promising
17219,31,2,259.13,3,2,1,New / Promising
15536,408,1,259.09,1,1,1,Lost
14526,388,1,258.65,1,1,1,Lost
13683,457,1,258.6,1,1,1,Lost
16502,619,2,258.55,1,2,1,Lost
15894,252,2,258.25,2,2,1,Lost
13227,201,1,257.7,2,1,1,Lost
15014,42,2,257.67,3,2,1,New / Promising
16542,53,2,257.32,3,2,1,New / Promising
15503,362,2,257.3,2,2,1,Lost
15852,186,3,257.26,2,2,1,Lost
14483,281,2,257.1,2,2,1,Lost
15404,375,1,257.06,2,1,1,Lost
14876,520,2,256.7,1,2,1,Lost
14274,685,1,256.6,1,1,1,Lost
12430,42,1,256.4,3,1,1,New / Promising
13806,63,1,256.38,3,1,1,New / Promising
17896,22,1,256.32,4,1,1,New / Promising
17385,14,1,256.11,4,1,1,New / Promising
13825,621,2,255.59,1,2,1,Lost
14881,19,1,255.4,4,1,1,New / Promising
16911,635,2,255.25,1,2,1,Lost
12746,540,1,254.55,1,1,1,Lost
12604,78,2,254.18,3,2,1,New / Promising
14765,28,3,254.11,3,2,1,New / Promising
17626,602,1,254.0,1,1,1,Lost
16845,617,1,253.88,1,1,1,Lost
13250,460,2,253.09,1,2,1,Lost
17992,388,1,252.88,1,1,1,Lost
15019,266,1,252.81,2,1,1,Lost
15035,89,1,252.73,3,1,1,New / Promising
13251,401,1,252.68,1,1,1,Lost
16908,721,1,252.59,1,1,1,Lost
15552,216,2,252.52,2,2,1,Lost
16074,389,1,252.5,1,1,1,Lost
13404,0,2,252.49,4,2,1,New / Promising
13645,119,1,252.1,2,1,1,Lost
17210,392,1,251.72,1,1,1,Lost
16453,530,2,251.71,1,2,1,Lost
16976,266,1,251.52,2,1,1,Lost
14501,183,2,251.21,2,2,1,Lost
14166,504,2,251.15,1,2,1,Lost
18266,433,1,251.1,1,1,1,Lost
16962,409,1,251.04,1,1,1,Lost
15231,620,1,250.26,1,1,1,Lost
17303,360,1,250.04,2,1,1,Lost
15510,330,1,250.0,2,1,1,Lost
16893,366,2,249.89,2,2,1,Lost
12563,408,1,249.24,1,1,1,Lost
13061,71,1,248.61,3,1,1,New / Promising
13592,35,4,247.96,3,3,1,Loyal
16381,395,2,247.85,1,2,1,Lost
15293,665,1,247.5,1,1,1,Lost
18072,185,1,247.44,2,1,1,Lost
13349,10,1,247.32,4,1,1,New / Promising
14658,4,2,247.15,4,2,1,New / Promising
14654,737,1,246.86,1,1,1,Lost
15697,689,1,246.75,1,1,1,Lost
13943,577,1,246.54,1,1,1,Lost
15378,462,2,246.5,1,2,1,Lost
15495,378,1,246.5,2,1,1,Lost
15783,10,1,246.3,4,1,1,New / Promising
18153,658,1,246.22,1,1,1,Lost
16778,73,2,245.94,3,2,1,New / Promising
14325,569,1,245.48,1,1,1,Lost
14281,407,1,245.15,1,1,1,Lost
12660,10,1,245.1,4,1,1,New / Promising
15118,133,1,244.8,2,1,1,Lost
15884,431,2,244.6,1,2,1,Lost
16528,3,1,244.41,4,1,1,New / Promising
18002,375,4,244.37,2,3,1,At-Risk
14694,616,1,244.31,1,1,1,Lost
13551,318,2,244.2,2,2,1,Lost
17892,55,3,244.1,3,2,1,New / Promising
17925,372,1,244.08,2,1,1,Lost
13676,538,2,243.9,1,2,1,Lost
16793,56,1,243.84,3,1,1,New / Promising
13886,70,1,243.56,3,1,1,New / Promising
16215,80,1,242.35,3,1,1,New / Promising
15543,287,2,242.26,2,2,1,Lost
17009,550,1,242.06,1,1,1,Lost
13445,625,1,241.9,1,1,1,Lost
13582,389,2,241.68,1,2,1,Lost
15776,132,1,241.62,2,1,1,Lost
14774,528,1,241.45,1,1,1,Lost
14523,107,1,241.09,2,1,1,Lost
16427,262,2,241.06,2,2,1,Lost
16508,629,1,240.95,1,1,1,Lost
13674,432,1,240.68,1,1,1,Lost
15286,49,1,240.55,3,1,1,New / Promising
15336,401,1,240.5,1,1,1,Lost
15931,427,1,239.9,1,1,1,Lost
15690,3,2,239.76,4,2,1,New / Promising
13570,242,1,239.49,2,1,1,Lost
13789,387,1,239.46,1,1,1,Lost
17684,43,1,239.41,3,1,1,New / Promising
12663,624,2,239.4,1,2,1,Lost
17981,410,1,239.12,1,1,1,Lost
13275,383,2,238.86,1,2,1,Lost
12561,302,1,238.85,2,1,1,Lost
12718,70,1,238.25,3,1,1,New / Promising
16280,724,1,238.05,1,1,1,Lost
14982,571,1,237.78,1,1,1,Lost
17877,169,1,237.61,2,1,1,Lost
14586,276,1,237.36,2,1,1,Lost
15457,261,1,237.07,2,1,1,Lost
12732,179,1,236.26,2,1,1,Lost
13088,416,1,236.11,1,1,1,Lost
16026,42,1,236.09,3,1,1,New / Promising
17093,592,1,235.88,1,1,1,Lost
17872,381,1,235.87,1,1,1,Lost
16046,561,1,235.78,1,1,1,Lost
12392,590,1,234.75,1,1,1,Lost
13114,730,1,234.38,1,1,1,Lost
14473,73,2,234.34,3,2,1,New / Promising
17060,265,1,234.24,2,1,1,Lost
13009,672,1,234.0,1,1,1,Lost
12736,332,1,234.0,2,1,1,Lost
13348,63,1,233.76,3,1,1,New / Promising
14153,482,1,233.4,1,1,1,Lost
15294,410,1,233.35,1,1,1,Lost
13129,451,2,233.25,1,2,1,Lost
16302,126,1,233.22,2,1,1,Lost
17055,445,1,232.85,1,1,1,Lost
13678,151,1,232.6,2,1,1,Lost
18213,236,1,232.48,2,1,1,Lost
13608,540,1,232.05,1,1,1,Lost
14995,38,2,231.98,3,2,1,New / Promising
16408,590,1,231.93,1,1,1,Lost
17151,734,1,231.9,1,1,1,Lost
17136,661,1,231.68,1,1,1,Lost
18279,518,1,231.34,1,1,1,Lost
15487,679,1,231.32,1,1,1,Lost
18030,3,2,230.65,4,2,1,New / Promising
17125,49,1,230.5,3,1,1,New / Promising
13960,20,2,230.22,4,2,1,New / Promising
18197,575,1,230.1,1,1,1,Lost
14314,106,2,229.8,2,2,1,Lost
14017,570,1,229.75,1,1,1,Lost
12812,44,1,229.64,3,1,1,New / Promising
13403,17,3,229.5,4,2,1,New / Promising
17185,591,3,229.46,1,2,1,Lost
15528,253,1,229.33,2,1,1,Lost
17743,447,1,229.2,1,1,1,Lost
15273,599,1,228.96,1,1,1,Lost
17347,85,1,228.96,3,1,1,New / Promising
13146,25,1,228.91,3,1,1,New / Promising
17066,725,1,228.34,1,1,1,Lost
14458,380,1,228.07,1,1,1,Lost
16760,429,1,228.0,1,1,1,Lost
15566,392,2,227.87,1,2,1,Lost
14363,401,2,227.47,1,2,1,Lost
17868,385,1,227.15,1,1,1,Lost
16740,394,1,226.91,1,1,1,Lost
15451,433,2,226.86,1,2,1,Lost
13651,34,3,226.85,3,2,1,New / Promising
18005,3,2,226.47,4,2,1,New / Promising
14718,409,1,226.42,1,1,1,Lost
17993,616,1,225.99,1,1,1,Lost
14069,514,2,225.81,1,2,1,Lost
17915,550,1,225.78,1,1,1,Lost
16622,543,1,225.4,1,1,1,Lost
16587,231,1,225.15,2,1,1,Lost
14357,42,1,225.12,3,1,1,New / Promising
13619,544,2,224.94,1,2,1,Lost
16346,384,1,224.51,1,1,1,Lost
15175,71,1,224.14,3,1,1,New / Promising
12914,400,1,223.98,1,1,1,Lost
16753,57,1,223.92,3,1,1,New / Promising
14928,627,1,223.91,1,1,1,Lost
16562,476,1,223.86,1,1,1,Lost
13926,22,1,223.85,4,1,1,New / Promising
17967,371,2,223.42,2,2,1,Lost
18131,631,1,222.96,1,1,1,Lost
12887,383,1,222.4,1,1,1,Lost
14596,626,1,222.22,1,1,1,Lost
15788,508,1,221.83,1,1,1,Lost
14445,455,1,221.65,1,1,1,Lost
17261,509,1,221.59,1,1,1,Lost
17087,737,1,221.53,1,1,1,Lost
14960,7,2,221.27,4,2,1,New / Promising
13419,63,1,221.06,3,1,1,New / Promising
12821,213,2,220.8,2,2,1,Lost
16482,15,1,220.62,4,1,1,New / Promising
13033,356,2,220.55,2,2,1,Lost
18132,503,1,220.13,1,1,1,Lost
18114,289,1,220.1,2,1,1,Lost
13454,640,1,219.87,1,1,1,Lost
13992,29,3,219.5,3,2,1,New / Promising
14074,622,1,219.4,1,1,1,Lost
15096,42,1,219.39,3,1,1,New / Promising
12799,528,1,219.35,1,1,1,Lost
12702,19,1,219.0,4,1,1,New / Promising
15790,9,1,218.75,4,1,1,New / Promising
15086,564,2,218.53,1,2,1,Lost
12574,315,1,218.45,2,1,1,Lost
15591,582,3,217.9,1,2,1,Lost
16035,559,1,217.73,1,1,1,Lost
16666,18,2,217.71,4,2,1,New / Promising
15554,277,1,217.2,2,1,1,Lost
13423,428,1,217.03,1,1,1,Lost
15401,451,2,216.95,1,2,1,Lost
18021,509,2,216.41,1,2,1,Lost
17902,546,1,216.4,1,1,1,Lost
15604,51,1,216.39,3,1,1,New / Promising
13858,56,1,216.17,3,1,1,New / Promising
16179,60,1,215.83,3,1,1,New / Promising
16189,15,2,215.48,4,2,1,New / Promising
14376,682,1,215.46,1,1,1,Lost
14635,453,1,215.22,1,1,1,Lost
18007,392,1,215.22,1,1,1,Lost
14106,736,1,214.8,1,1,1,Lost
16338,156,1,214.8,2,1,1,Lost
14361,578,1,214.71,1,1,1,Lost
17619,311,1,214.37,2,1,1,Lost
15460,353,1,214.26,2,1,1,Lost
14271,225,2,214.18,2,2,1,Lost
14601,10,1,213.96,4,1,1,New / Promising
18157,570,1,213.9,1,1,1,Lost
13621,116,1,213.85,2,1,1,Lost
17153,23,1,213.78,4,1,1,New / Promising
13411,106,1,213.55,2,1,1,Lost
16591,68,1,213.5,3,1,1,New / Promising
13724,636,1,213.01,1,1,1,Lost
13691,395,1,212.78,1,1,1,Lost
12961,378,1,211.99,2,1,1,Lost
12470,689,1,211.95,1,1,1,Lost
15866,100,1,211.89,2,1,1,Lost
14843,436,1,211.8,1,1,1,Lost
15703,264,1,211.5,2,1,1,Lost
13271,36,1,211.49,3,1,1,New / Promising
12995,84,1,211.32,3,1,1,New / Promising
15490,429,1,210.85,1,1,1,Lost
14992,441,1,210.5,1,1,1,Lost
13532,33,1,210.31,3,1,1,New / Promising
17217,233,2,210.1,2,2,1,Lost
16874,378,1,209.89,2,1,1,Lost
17484,575,2,209.57,1,2,1,Lost
13828,21,1,209.49,4,1,1,New / Promising
13056,550,1,209.48,1,1,1,Lost
14003,732,1,209.41,1,1,1,Lost
15112,610,1,209.4,1,1,1,Lost
16487,576,2,209.4,1,2,1,Lost
17855,372,1,208.97,2,1,1,Lost
15327,52,1,208.75,3,1,1,New / Promising
13290,437,1,208.63,1,1,1,Lost
15741,457,2,208.62,1,2,1,Lost
15897,193,2,208.59,2,2,1,Lost
16457,217,1,208.36,2,1,1,Lost
15212,240,2,208.28,2,2,1,Lost
12848,675,1,208.0,1,1,1,Lost
16964,732,2,207.85,1,2,1,Lost
16866,140,3,207.74,2,2,1,Lost
15052,318,1,207.73,2,1,1,Lost
16752,372,1,207.5,2,1,1,Lost
13099,98,1,207.36,2,1,1,Lost
17989,378,1,207.33,2,1,1,Lost
15925,193,1,207.15,2,1,1,Lost
15295,653,1,207.04,1,1,1,Lost
15820,319,1,206.98,2,1,1,Lost
17166,38,2,206.34,3,2,1,New / Promising
14964,246,1,206.21,2,1,1,Lost
15914,377,2,205.99,2,2,1,Lost
14278,409,1,205.83,1,1,1,Lost
16540,413,1,205.75,1,1,1,Lost
17670,227,1,205.7,2,1,1,Lost
16490,435,1,205.41,1,1,1,Lost
14602,655,1,205.36,1,1,1,Lost
15307,95,1,205.3,2,1,1,Lost
12400,413,1,205.25,1,1,1,Lost
15758,24,1,205.25,4,1,1,New / Promising
15319,283,1,204.5,2,1,1,Lost
17271,735,1,204.3,1,1,1,Lost
16901,728,1,204.26,1,1,1,Lost
14468,733,1,204.24,1,1,1,Lost
17206,52,1,204.24,3,1,1,New / Promising
13017,6,1,204.0,4,1,1,New / Promising
17394,218,1,203.87,2,1,1,Lost
17891,161,1,203.86,2,1,1,Lost
14519,683,2,203.14,1,2,1,Lost
17074,562,1,203.05,1,1,1,Lost
15459,416,2,202.83,1,2,1,Lost
15558,638,1,202.68,1,1,1,Lost
18169,60,1,202.65,3,1,1,New / Promising
12416,656,1,202.56,1,1,1,Lost
14892,690,1,202.35,1,1,1,Lost
14385,8,3,202.11,4,2,1,New / Promising
13284,330,1,201.19,2,1,1,Lost
16965,226,1,201.19,2,1,1,Lost
18281,180,2,201.14,2,2,1,Lost
18126,60,1,200.92,3,1,1,New / Promising
13556,428,2,200.82,1,2,1,Lost
14330,623,1,200.63,1,1,1,Lost
17693,136,1,200.47,2,1,1,Lost
13133,273,3,200.45,2,2,1,Lost
13944,652,1,200.43,1,1,1,Lost
14782,319,1,200.1,2,1,1,Lost
15593,70,1,199.8,3,1,1,New / Promising
13322,16,1,199.48,4,1,1,New / Promising
14521,490,1,199.45,1,1,1,Lost
15001,393,2,199.11,1,2,1,Lost
15020,378,1,198.47,2,1,1,Lost
17184,568,2,198.41,1,2,1,Lost
12581,39,1,197.71,3,1,1,New / Promising
17778,661,1,197.7,1,1,1,Lost
14185,330,1,197.65,2,1,1,Lost
14789,28,1,197.64,3,1,1,New / Promising
17112,502,1,197.57,1,1,1,Lost
12927,394,1,197.31,1,1,1,Lost
15234,276,1,197.0,2,1,1,Lost
13436,1,1,196.89,4,1,1,New / Promising
15746,133,1,196.88,2,1,1,Lost
13978,14,2,196.79,4,2,1,New / Promising
16937,498,1,196.25,1,1,1,Lost
16112,142,4,195.74,2,3,1,At-Risk
13757,674,1,195.55,1,1,1,Lost
17010,17,1,195.36,4,1,1,New / Promising
14666,23,1,195.25,4,1,1,New / Promising
15612,35,2,195.15,3,2,1,New / Promising
14405,386,1,195.0,1,1,1,Lost
17468,9,3,194.8,4,2,1,New / Promising
17065,637,2,194.7,1,2,1,Lost
17475,78,1,194.37,3,1,1,New / Promising
16299,476,1,193.65,1,1,1,Lost
14476,256,1,193.0,2,1,1,Lost
12522,38,2,192.72,3,2,1,New / Promising
14768,16,2,192.6,4,2,1,New / Promising
15729,212,3,192.55,2,2,1,Lost
18028,582,1,192.05,1,1,1,Lost
14100,137,1,191.95,2,1,1,Lost
15909,173,1,191.94,2,1,1,Lost
16695,561,2,191.9,1,2,1,Lost
14279,520,2,191.86,1,2,1,Lost
15692,27,1,191.04,3,1,1,New / Promising
15954,588,1,190.75,1,1,1,Lost
14728,412,1,190.58,1,1,1,Lost
15688,418,1,190.57,1,1,1,Lost
15412,170,1,190.53,2,1,1,Lost
18020,543,1,190.48,1,1,1,Lost
14617,402,2,190.47,1,2,1,Lost
13766,494,1,190.35,1,1,1,Lost
13972,70,2,190.25,3,2,1,New / Promising
17257,435,2,189.78,1,2,1,Lost
18046,649,1,189.63,1,1,1,Lost
13826,175,1,189.5,2,1,1,Lost
14801,60,1,189.34,3,1,1,New / Promising
14830,52,1,188.88,3,1,1,New / Promising
16277,733,1,188.69,1,1,1,Lost
14697,217,2,188.61,2,2,1,Lost
17283,378,1,188.46,2,1,1,Lost
16051,681,1,188.44,1,1,1,Lost
13063,480,1,188.4,1,1,1,Lost
17781,158,2,188.02,2,2,1,Lost
17279,57,1,187.83,3,1,1,New / Promising
15072,478,1,187.52,1,1,1,Lost
13852,610,1,187.35,1,1,1,Lost
18013,154,2,187.29,2,2,1,Lost
13568,172,1,187.05,2,1,1,Lost
13387,416,1,186.94,1,1,1,Lost
16267,590,1,186.66,1,1,1,Lost
18063,390,2,186.6,1,2,1,Lost
17215,463,1,186.15,1,1,1,Lost
16388,653,1,186.05,1,1,1,Lost
15567,18,1,186.01,4,1,1,New / Promising
12641,114,1,185.9,2,1,1,Lost
17574,242,1,185.65,2,1,1,Lost
14879,684,1,185.06,1,1,1,Lost
16097,239,1,185.05,2,1,1,Lost
14677,592,1,184.91,1,1,1,Lost
17803,391,1,184.66,1,1,1,Lost
16914,35,1,183.76,3,1,1,New / Promising
14059,266,1,183.6,2,1,1,Lost
13460,28,2,183.44,3,2,1,New / Promising
14119,375,2,183.37,2,2,1,Lost
14983,688,1,183.2,1,1,1,Lost
16819,464,2,182.59,1,2,1,Lost
14941,578,1,182.1,1,1,1,Lost
12934,736,1,181.65,1,1,1,Lost
16822,685,1,181.39,1,1,1,Lost
15359,662,8,181.35,1,4,1,At-Risk
16594,74,1,181.09,3,1,1,New / Promising
17904,20,1,181.07,4,1,1,New / Promising
14858,505,1,180.75,1,1,1,Lost
18119,367,1,180.7,2,1,1,Lost
17820,373,1,180.61,2,1,1,Lost
16090,623,1,180.56,1,1,1,Lost
12622,231,1,180.1,2,1,1,Lost
18234,551,1,179.6,1,1,1,Lost
14945,413,1,179.4,1,1,1,Lost
16640,397,1,179.4,1,1,1,Lost
18147,45,2,179.34,3,2,1,New / Promising
15895,149,1,179.17,2,1,1,Lost
14705,198,1,179.0,2,1,1,Lost
15209,729,1,178.98,1,1,1,Lost
15139,239,2,178.96,2,2,1,Lost
14812,598,1,178.85,1,1,1,Lost
16691,417,2,178.83,1,2,1,Lost
17170,373,2,178.68,2,2,1,Lost
17879,173,1,178.52,2,1,1,Lost
15292,200,1,178.39,2,1,1,Lost
18045,44,1,178.34,3,1,1,New / Promising
17253,17,1,178.26,4,1,1,New / Promising
17798,581,1,178.07,1,1,1,Lost
18282,7,2,178.05,4,2,1,New / Promising
16403,311,1,177.5,2,1,1,Lost
13618,173,1,177.34,2,1,1,Lost
12618,21,1,177.31,4,1,1,New / Promising
13072,266,1,177.15,2,1,1,Lost
16285,645,1,176.9,1,1,1,Lost
17036,382,1,176.9,1,1,1,Lost
17587,627,1,176.71,1,1,1,Lost
13746,413,1,176.69,1,1,1,Lost
17947,36,1,176.68,3,1,1,New / Promising
14287,7,3,176.63,4,2,1,New / Promising
12893,30,1,176.55,3,1,1,New / Promising
18054,392,1,176.5,1,1,1,Lost
12509,283,1,176.5,2,1,1,Lost
18175,675,1,176.1,1,1,1,Lost
18274,29,1,175.92,3,1,1,New / Promising
17840,443,1,175.9,1,1,1,Lost
17026,184,3,175.83,2,2,1,Lost
18166,623,1,175.5,1,1,1,Lost
14486,511,2,175.5,1,2,1,Lost
13007,579,1,175.25,1,1,1,Lost
16144,246,1,175.2,2,1,1,Lost
17331,123,1,175.2,2,1,1,Lost
16559,396,1,175.0,1,1,1,Lost
17108,663,1,174.95,1,1,1,Lost
18010,256,1,174.8,2,1,1,Lost
14495,50,3,174.8,3,2,1,New / Promising
14518,63,1,174.37,3,1,1,New / Promising
15684,546,3,173.95,1,2,1,Lost
14674,508,1,173.66,1,1,1,Lost
12441,366,1,173.55,2,1,1,Lost
15565,49,2,173.16,3,2,1,New / Promising
16741,624,1,173.06,1,1,1,Lost
16599,385,1,172.8,1,1,1,Lost
13671,394,1,172.6,1,1,1,Lost
13690,58,1,172.25,3,1,1,New / Promising
12442,2,1,172.06,4,1,1,New / Promising
15515,386,1,171.81,1,1,1,Lost
17983,394,1,171.71,1,1,1,Lost
17575,666,1,171.7,1,1,1,Lost
13560,6,1,171.42,4,1,1,New / Promising
16312,431,1,171.15,1,1,1,Lost
16673,678,1,171.13,1,1,1,Lost
14536,259,1,170.95,2,1,1,Lost
15403,491,2,170.88,1,2,1,Lost
14811,386,1,170.5,1,1,1,Lost
17922,542,1,170.4,1,1,1,Lost
15256,148,2,170.4,2,2,1,Lost
14860,18,1,170.32,4,1,1,New / Promising
16731,647,1,170.3,1,1,1,Lost
15335,53,1,170.22,3,1,1,New / Promising
13747,373,2,169.8,2,2,1,Lost
14218,42,1,169.48,3,1,1,New / Promising
16002,624,1,169.21,1,1,1,Lost
15647,414,1,169.0,1,1,1,Lost
12367,3,1,168.9,4,1,1,New / Promising
12768,450,1,168.69,1,1,1,Lost
14578,2,1,168.63,4,1,1,New / Promising
18269,365,1,168.6,2,1,1,Lost
18099,126,1,168.31,2,1,1,Lost
17737,8,2,168.24,4,2,1,New / Promising
14131,648,1,168.22,1,1,1,Lost
12551,357,1,168.0,2,1,1,Lost
17559,512,1,167.62,1,1,1,Lost
17367,237,1,167.55,2,1,1,Lost
18037,153,15,167.42,2,4,1,At-Risk
17586,618,1,167.4,1,1,1,Lost
13609,592,1,167.35,1,1,1,Lost
16405,301,2,167.25,2,2,1,Lost
15166,467,1,167.16,1,1,1,Lost
17875,687,1,167.1,1,1,1,Lost
13547,407,1,167.08,1,1,1,Lost
13967,145,2,166.3,2,2,1,Lost
17650,20,1,166.08,4,1,1,New / Promising
18088,60,1,166.03,3,1,1,New / Promising
18107,441,1,165.88,1,1,1,Lost
13903,399,1,165.45,1,1,1,Lost
16663,728,1,165.0,1,1,1,Lost
15316,326,1,165.0,2,1,1,Lost
13470,98,2,165.0,2,2,1,Lost
13191,657,1,164.69,1,1,1,Lost
15904,7,1,164.68,4,1,1,New / Promising
17535,279,1,164.4,2,1,1,Lost
13603,25,1,164.34,3,1,1,New / Promising
17417,548,1,164.18,1,1,1,Lost
14955,732,1,163.77,1,1,1,Lost
14354,5,2,163.62,4,2,1,New / Promising
14485,38,1,162.8,3,1,1,New / Promising
16517,276,1,162.7,2,1,1,Lost
18174,6,2,162.5,4,2,1,New / Promising
12954,638,1,162.45,1,1,1,Lost
15733,282,1,162.3,2,1,1,Lost
15534,725,1,162.25,1,1,1,Lost
16443,520,1,162.24,1,1,1,Lost
18014,27,1,162.22,3,1,1,New / Promising
12661,435,1,162.0,1,1,1,Lost
17971,547,1,161.94,1,1,1,Lost
17600,17,1,161.67,4,1,1,New / Promising
16113,182,1,161.38,2,1,1,Lost
13714,464,1,161.35,1,1,1,Lost
13779,515,1,161.13,1,1,1,Lost
13701,446,1,161.0,1,1,1,Lost
13229,225,1,160.95,2,1,1,Lost
17605,589,1,160.75,1,1,1,Lost
17202,420,1,160.65,1,1,1,Lost
17487,727,1,160.55,1,1,1,Lost
15229,585,1,160.5,1,1,1,Lost
16645,735,1,160.39,1,1,1,Lost
18146,140,2,160.35,2,2,1,Lost
12966,9,1,160.18,4,1,1,New / Promising
14571,424,1,160.0,1,1,1,Lost
13420,149,2,159.85,2,2,1,Lost
13302,154,2,159.2,2,2,1,Lost
17953,539,1,159.17,1,1,1,Lost
16213,78,1,159.0,3,1,1,New / Promising
18224,263,1,158.95,2,1,1,Lost
14089,56,1,158.75,3,1,1,New / Promising
15499,723,1,158.65,1,1,1,Lost
15548,595,1,158.09,1,1,1,Lost
15348,71,1,158.04,3,1,1,New / Promising
14318,459,1,158.02,1,1,1,Lost
18004,361,1,157.92,2,1,1,Lost
17751,420,1,157.86,1,1,1,Lost
14207,687,1,157.8,1,1,1,Lost
14822,484,1,157.7,1,1,1,Lost
16687,390,1,157.63,1,1,1,Lost
12894,574,1,157.35,1,1,1,Lost
17318,724,1,157.33,1,1,1,Lost
16371,448,1,157.2,1,1,1,Lost
17128,334,1,157.09,2,1,1,Lost
17118,317,1,157.02,2,1,1,Lost
15007,158,1,156.91,2,1,1,Lost
15742,618,1,156.87,1,1,1,Lost
13830,581,1,156.85,1,1,1,Lost
14406,118,1,156.75,2,1,1,Lost
16578,625,1,156.6,1,1,1,Lost
15438,130,1,156.58,2,1,1,Lost
15263,106,1,156.51,2,1,1,Lost
17885,11,1,156.34,4,1,1,New / Promising
13051,578,2,155.8,1,2,1,Lost
17832,49,1,155.37,3,1,1,New / Promising
12738,371,1,155.35,2,1,1,Lost
14368,319,1,155.0,2,1,1,Lost
14046,283,1,154.99,2,1,1,Lost
17698,260,1,154.95,2,1,1,Lost
15740,48,1,154.88,3,1,1,New / Promising
17899,158,1,154.55,2,1,1,Lost
15226,310,1,154.41,2,1,1,Lost
13490,653,1,154.25,1,1,1,Lost
14814,580,1,154.21,1,1,1,Lost
17517,308,1,153.94,2,1,1,Lost
15560,397,2,153.52,1,2,1,Lost
15431,502,1,153.24,1,1,1,Lost
12602,58,1,153.12,3,1,1,New / Promising
16248,61,1,152.94,3,1,1,New / Promising
18138,294,1,152.65,2,1,1,Lost
14066,266,1,152.55,2,1,1,Lost
15509,379,1,152.41,1,1,1,Lost
17327,409,2,152.35,1,2,1,Lost
13653,487,1,152.2,1,1,1,Lost
16617,235,1,151.85,2,1,1,Lost
14362,21,1,151.5,4,1,1,New / Promising
18076,379,1,151.49,1,1,1,Lost
13697,38,1,151.3,3,1,1,New / Promising
14516,515,1,151.17,1,1,1,Lost
16662,393,1,151.05,1,1,1,Lost
16337,36,1,151.05,3,1,1,New / Promising
14073,31,1,151.04,3,1,1,New / Promising
12959,483,1,150.95,1,1,1,Lost
14980,736,1,150.68,1,1,1,Lost
15991,533,1,150.55,1,1,1,Lost
14084,511,1,150.5,1,1,1,Lost
15775,244,2,150.5,2,2,1,Lost
15474,595,1,150.35,1,1,1,Lost
18200,105,1,150.35,2,1,1,Lost
14845,599,1,150.0,1,1,1,Lost
17234,182,1,149.89,2,1,1,Lost
13257,435,1,149.75,1,1,1,Lost
17946,232,2,149.58,2,2,1,Lost
17390,420,1,149.3,1,1,1,Lost
15435,21,1,149.29,4,1,1,New / Promising
13003,105,3,149.05,2,2,1,Lost
17549,23,2,148.86,4,2,1,New / Promising
13125,523,1,148.62,1,1,1,Lost
15526,32,2,148.44,3,2,1,New / Promising
15283,389,3,148.33,1,2,1,Lost
17592,738,1,148.3,1,1,1,Lost
13457,688,2,148.22,1,2,1,Lost
13578,408,1,147.66,1,1,1,Lost
15479,732,1,147.4,1,1,1,Lost
16724,404,1,147.35,1,1,1,Lost
14098,36,1,147.35,3,1,1,New / Promising
17794,686,2,147.3,1,2,1,Lost
12858,382,1,147.27,1,1,1,Lost
17030,63,1,146.87,3,1,1,New / Promising
14683,587,1,146.56,1,1,1,Lost
15496,630,1,146.14,1,1,1,Lost
18137,550,2,145.99,1,2,1,Lost
12565,288,1,145.92,2,1,1,Lost
13866,73,1,145.67,3,1,1,New / Promising
15937,63,1,145.35,3,1,1,New / Promising
14972,127,2,145.07,2,2,1,Lost
16598,285,1,145.05,2,1,1,Lost
15902,379,1,145.01,1,1,1,Lost
16852,9,2,144.91,4,2,1,New / Promising
17938,419,1,144.29,1,1,1,Lost
14109,72,1,144.2,3,1,1,New / Promising
15816,541,2,144.15,1,2,1,Lost
17186,46,2,144.0,3,2,1,New / Promising
12587,7,1,144.0,4,1,1,New / Promising
12387,414,1,143.94,1,1,1,Lost
14604,632,1,143.86,1,1,1,Lost
14574,732,1,143.7,1,1,1,Lost
17149,450,1,143.1,1,1,1,Lost
15705,200,1,143.1,2,1,1,Lost
15761,442,1,143.05,1,1,1,Lost
16507,571,1,142.71,1,1,1,Lost
14386,296,1,142.4,2,1,1,Lost
17859,304,1,141.92,2,1,1,Lost
18038,555,1,141.48,1,1,1,Lost
14041,265,1,141.41,2,1,1,Lost
17273,423,1,141.12,1,1,1,Lost
12636,738,1,141.0,1,1,1,Lost
17959,591,1,140.75,1,1,1,Lost
14773,592,1,140.55,1,1,1,Lost
15388,269,1,140.54,2,1,1,Lost
15702,475,2,140.39,1,2,1,Lost
13483,65,1,140.34,3,1,1,New / Promising
15324,700,1,140.22,1,1,1,Lost
13839,485,1,139.95,1,1,1,Lost
16840,602,2,139.85,1,2,1,Lost
16483,191,1,139.35,2,1,1,Lost
14772,111,1,139.26,2,1,1,Lost
14707,435,2,139.2,1,2,1,Lost
18209,28,1,139.1,3,1,1,New / Promising
13273,112,1,138.98,2,1,1,Lost
12902,264,1,138.68,2,1,1,Lost
13716,268,1,138.28,2,1,1,Lost
17982,680,1,138.18,1,1,1,Lost
15663,105,1,138.14,2,1,1,Lost
15848,621,1,137.99,1,1,1,Lost
16396,475,1,137.8,1,1,1,Lost
13279,77,1,137.75,3,1,1,New / Promising
15836,49,1,137.37,3,1,1,New / Promising
13907,691,1,136.8,1,1,1,Lost
13195,413,1,136.73,1,1,1,Lost
16237,436,1,136.65,1,1,1,Lost
16289,461,1,136.31,1,1,1,Lost
16651,586,1,136.2,1,1,1,Lost
16876,403,1,136.01,1,1,1,Lost
14366,524,1,136.0,1,1,1,Lost
16462,73,3,136.0,3,2,1,New / Promising
17583,559,1,135.95,1,1,1,Lost
12968,111,1,135.95,2,1,1,Lost
14889,335,1,135.9,2,1,1,Lost
15419,24,1,135.86,4,1,1,New / Promising
16114,170,1,135.75,2,1,1,Lost
14391,576,1,135.6,1,1,1,Lost
13076,457,1,135.4,1,1,1,Lost
16665,361,1,135.4,2,1,1,Lost
14588,577,1,135.39,1,1,1,Lost
13144,332,2,135.35,2,2,1,Lost
17972,241,1,135.19,2,1,1,Lost
13702,445,1,135.18,1,1,1,Lost
17960,170,3,135.08,2,2,1,Lost
17199,581,1,135.04,1,1,1,Lost
13364,70,1,134.96,3,1,1,New / Promising
13119,668,1,134.9,1,1,1,Lost
16055,220,1,134.8,2,1,1,Lost
14340,218,1,134.7,2,1,1,Lost
14174,32,1,134.46,3,1,1,New / Promising
15926,541,1,134.44,1,1,1,Lost
16486,537,1,134.36,1,1,1,Lost
14280,196,1,134.04,2,1,1,Lost
16886,455,1,134.0,1,1,1,Lost
14349,9,1,133.5,4,1,1,New / Promising
17881,303,1,133.35,2,1,1,Lost
17826,373,1,133.34,2,1,1,Lost
12467,422,1,132.8,1,1,1,Lost
12964,436,1,132.24,1,1,1,Lost
12512,65,2,132.18,3,2,1,New / Promising
14438,305,1,131.9,2,1,1,Lost
17565,586,1,131.83,1,1,1,Lost
17455,203,1,131.7,2,1,1,Lost
14795,165,1,131.45,2,1,1,Lost
15409,720,1,131.25,1,1,1,Lost
14378,621,1,131.25,1,1,1,Lost
17225,581,1,131.15,1,1,1,Lost
16865,401,1,130.95,1,1,1,Lost
15844,45,1,130.74,3,1,1,New / Promising
17240,595,1,130.6,1,1,1,Lost
16410,733,1,130.32,1,1,1,Lost
16288,469,1,129.85,1,1,1,Lost
15317,676,1,129.75,1,1,1,Lost
17762,455,1,129.75,1,1,1,Lost
17847,515,2,129.69,1,2,1,Lost
14999,592,1,129.48,1,1,1,Lost
12555,681,1,129.23,1,1,1,Lost
13071,611,1,129.22,1,1,1,Lost
17056,737,1,128.6,1,1,1,Lost
16828,92,2,128.5,3,2,1,New / Promising
17089,385,1,128.45,1,1,1,Lost
16251,511,1,128.31,1,1,1,Lost
15892,668,1,128.2,1,1,1,Lost
17297,16,1,128.18,4,1,1,New / Promising
13666,59,5,127.9,3,3,1,Loyal
13053,621,1,127.65,1,1,1,Lost
13586,540,1,127.28,1,1,1,Lost
15578,161,1,127.1,2,1,1,Lost
15923,372,1,127.08,2,1,1,Lost
16973,385,1,127.0,1,1,1,Lost
14751,683,2,126.45,1,2,1,Lost
15463,28,1,126.14,3,1,1,New / Promising
16294,476,1,126.05,1,1,1,Lost
13794,546,1,126.03,1,1,1,Lost
17657,429,1,126.0,1,1,1,Lost
12814,101,1,125.92,2,1,1,Lost
13522,29,1,125.8,3,1,1,New / Promising
16925,539,1,125.65,1,1,1,Lost
15017,33,1,125.58,3,1,1,New / Promising
15731,553,1,125.3,1,1,1,Lost
13912,423,1,124.95,1,1,1,Lost
17148,51,1,124.88,3,1,1,New / Promising
17818,737,1,124.78,1,1,1,Lost
13312,450,1,124.75,1,1,1,Lost
16849,186,1,124.57,2,1,1,Lost
17316,419,1,124.45,1,1,1,Lost
12773,563,1,124.25,1,1,1,Lost
18000,563,1,124.25,1,1,1,Lost
15779,462,2,124.08,1,2,1,Lost
13968,422,1,123.66,1,1,1,Lost
14187,473,1,123.5,1,1,1,Lost
16397,627,1,123.13,1,1,1,Lost
13876,63,1,122.7,3,1,1,New / Promising
13638,15,1,122.64,4,1,1,New / Promising
12969,602,1,122.45,1,1,1,Lost
13084,491,1,122.4,1,1,1,Lost
16073,296,1,122.4,2,1,1,Lost
13244,92,1,121.74,3,1,1,New / Promising
13182,44,1,121.18,3,1,1,New / Promising
15049,273,1,121.17,2,1,1,Lost
17260,410,1,120.95,1,1,1,Lost
17446,176,2,120.9,2,2,1,Lost
14884,668,1,120.6,1,1,1,Lost
14444,455,1,120.44,1,1,1,Lost
14165,275,1,120.44,2,1,1,Lost
17543,549,1,120.05,1,1,1,Lost
18015,3,1,120.03,4,1,1,New / Promising
14259,141,1,120.0,2,1,1,Lost
14453,189,1,119.93,2,1,1,Lost
15161,387,1,119.92,1,1,1,Lost
17541,509,1,119.86,1,1,1,Lost
17177,504,1,119.5,1,1,1,Lost
15843,303,1,118.95,2,1,1,Lost
17280,437,1,118.86,1,1,1,Lost
17079,77,1,118.8,3,1,1,New / Promising
14155,265,1,118.75,2,1,1,Lost
14076,128,1,118.67,2,1,1,Lost
12929,311,1,117.85,2,1,1,Lost
16291,681,1,117.72,1,1,1,Lost
17654,276,1,117.55,2,1,1,Lost
16959,86,1,117.35,3,1,1,New / Promising
14726,654,1,116.5,1,1,1,Lost
17117,287,1,116.2,2,1,1,Lost
14874,534,1,116.18,1,1,1,Lost
14143,133,1,115.8,2,1,1,Lost
16068,593,1,115.73,1,1,1,Lost
18027,98,1,115.31,2,1,1,Lost
18012,722,1,115.3,1,1,1,Lost
17401,540,1,114.85,1,1,1,Lost
17933,631,1,114.69,1,1,1,Lost
15905,542,1,114.69,1,1,1,Lost
13188,10,1,114.6,4,1,1,New / Promising
14632,262,1,114.56,2,1,1,Lost
16247,169,1,114.56,2,1,1,Lost
14652,76,1,114.18,3,1,1,New / Promising
12938,25,1,114.14,3,1,1,New / Promising
14582,40,1,114.11,3,1,1,New / Promising
17275,382,1,114.1,1,1,1,Lost
15056,519,1,113.65,1,1,1,Lost
14457,310,1,113.64,2,1,1,Lost
18105,37,1,113.48,3,1,1,New / Promising
16821,381,1,113.35,1,1,1,Lost
17784,549,1,112.86,1,1,1,Lost
18148,646,1,112.85,1,1,1,Lost
14689,208,1,112.8,2,1,1,Lost
16697,240,1,112.75,2,1,1,Lost
18129,242,1,112.55,2,1,1,Lost
13241,411,1,112.53,1,1,1,Lost
15610,51,1,112.46,3,1,1,New / Promising
13620,527,1,112.34,1,1,1,Lost
17900,189,2,112.2,2,2,1,Lost
12756,86,1,112.08,3,1,1,New / Promising
13193,60,1,112.08,3,1,1,New / Promising
14750,735,1,112.03,1,1,1,Lost
17957,65,1,111.68,3,1,1,New / Promising
14668,444,1,111.63,1,1,1,Lost
17304,533,1,111.5,1,1,1,Lost
17887,128,1,111.35,2,1,1,Lost
15352,548,1,111.15,1,1,1,Lost
17208,395,1,111.15,1,1,1,Lost
18120,213,1,111.15,2,1,1,Lost
14464,567,2,111.0,1,2,1,Lost
12692,636,1,110.95,1,1,1,Lost
14509,533,1,110.95,1,1,1,Lost
15537,162,1,110.92,2,1,1,Lost
15853,51,1,110.8,3,1,1,New / Promising
18256,387,1,110.7,1,1,1,Lost
14787,470,1,110.65,1,1,1,Lost
16963,186,1,110.55,2,1,1,Lost
14641,21,1,110.46,4,1,1,New / Promising
17836,46,1,110.21,3,1,1,New / Promising
17909,736,1,110.05,1,1,1,Lost
15851,526,1,109.73,1,1,1,Lost
14033,554,1,109.44,1,1,1,Lost
16363,52,1,109.36,3,1,1,New / Promising
16064,724,1,109.31,1,1,1,Lost
16664,568,1,109.2,1,1,1,Lost
14721,378,1,109.07,2,1,1,Lost
14345,38,1,108.98,3,1,1,New / Promising
13170,26,1,108.81,3,1,1,New / Promising
15875,645,1,108.52,1,1,1,Lost
16106,65,1,108.38,3,1,1,New / Promising
14374,540,1,108.0,1,1,1,Lost
14661,26,1,107.95,3,1,1,New / Promising
13580,405,1,107.75,1,1,1,Lost
14943,662,1,107.62,1,1,1,Lost
15395,325,1,107.45,2,1,1,Lost
16301,736,1,107.33,1,1,1,Lost
15328,407,1,107.24,1,1,1,Lost
17893,224,1,107.21,2,1,1,Lost
16047,681,1,107.14,1,1,1,Lost
15846,384,1,107.01,1,1,1,Lost
16630,406,1,106.8,1,1,1,Lost
16082,669,1,106.75,1,1,1,Lost
14637,676,1,106.68,1,1,1,Lost
15168,25,1,106.56,3,1,1,New / Promising
15927,646,1,106.54,1,1,1,Lost
17791,29,1,106.1,3,1,1,New / Promising
16581,182,1,105.84,2,1,1,Lost
18103,548,1,105.8,1,1,1,Lost
15642,729,1,105.78,1,1,1,Lost
14579,431,1,105.56,1,1,1,Lost
15340,561,1,105.5,1,1,1,Lost
14027,60,1,104.82,3,1,1,New / Promising
17328,672,1,104.7,1,1,1,Lost
16547,545,1,104.26,1,1,1,Lost
16375,469,2,104.0,1,2,1,Lost
16896,554,1,103.95,1,1,1,Lost
14542,185,1,103.25,2,1,1,Lost
15924,730,1,102.82,1,1,1,Lost
18124,471,1,102.65,1,1,1,Lost
17467,394,1,102.6,1,1,1,Lost
14836,9,3,102.45,4,2,1,New / Promising
15486,526,1,102.0,1,1,1,Lost
13829,420,1,102.0,1,1,1,Lost
18068,288,1,101.7,2,1,1,Lost
16516,29,1,101.7,3,1,1,New / Promising
16944,609,1,101.36,1,1,1,Lost
18086,273,1,101.34,2,1,1,Lost
18195,386,1,101.16,1,1,1,Lost
17741,406,2,101.1,1,2,1,Lost
16498,160,2,100.97,2,2,1,Lost
17493,384,1,100.91,1,1,1,Lost
14946,13,1,100.9,4,1,1,New / Promising
17224,500,1,100.86,1,1,1,Lost
17427,71,1,100.8,3,1,1,New / Promising
14371,294,1,100.5,2,1,1,Lost
15635,395,1,100.35,1,1,1,Lost
17570,381,1,100.0,1,1,1,Lost
17939,159,1,99.14,2,1,1,Lost
12774,535,1,98.7,1,1,1,Lost
17538,25,1,98.42,3,1,1,New / Promising
16694,722,1,98.3,1,1,1,Lost
17395,507,1,97.5,1,1,1,Lost
12984,18,1,97.5,4,1,1,New / Promising
14642,58,1,96.12,3,1,1,New / Promising
17816,36,6,96.11,3,3,1,Loyal
13793,646,1,96.0,1,1,1,Lost
15583,375,1,95.96,2,1,1,Lost
17024,44,3,95.85,3,2,1,New / Promising
17895,43,1,95.45,3,1,1,New / Promising
18249,16,1,95.34,4,1,1,New / Promising
12548,165,1,95.2,2,1,1,Lost
15285,407,1,94.92,1,1,1,Lost
14833,498,1,94.8,1,1,1,Lost
15868,582,1,94.53,1,1,1,Lost
16339,283,1,94.05,2,1,1,Lost
15397,289,1,94.0,2,1,1,Lost
18033,64,1,93.82,3,1,1,New / Promising
14394,564,1,93.8,1,1,1,Lost
15305,554,1,93.6,1,1,1,Lost
12992,724,1,93.35,1,1,1,Lost
15082,668,1,93.35,1,1,1,Lost
16196,488,1,93.3,1,1,1,Lost
14865,6,4,92.52,4,3,1,Loyal
14054,64,1,92.46,3,1,1,New / Promising
16831,564,1,91.8,1,1,1,Lost
13160,21,1,91.8,4,1,1,New / Promising
12659,29,1,91.68,3,1,1,New / Promising
13392,676,1,91.14,1,1,1,Lost
14786,549,1,90.96,1,1,1,Lost
13947,64,1,90.6,3,1,1,New / Promising
14435,501,1,90.42,1,1,1,Lost
16506,19,2,90.3,4,2,1,New / Promising
16597,3,1,90.04,4,1,1,New / Promising
15686,419,1,90.0,1,1,1,Lost
14117,143,1,90.0,2,1,1,Lost
14974,36,1,89.94,3,1,1,New / Promising
16061,430,1,89.65,1,1,1,Lost
13535,402,1,89.5,1,1,1,Lost
14760,296,1,89.2,2,1,1,Lost
12686,371,1,89.14,2,1,1,Lost
13222,576,1,88.5,1,1,1,Lost
15603,78,2,88.48,3,2,1,New / Promising
15083,256,1,88.2,2,1,1,Lost
16564,568,1,87.8,1,1,1,Lost
17606,736,1,87.3,1,1,1,Lost
17763,262,4,86.15,2,3,1,At-Risk
13180,606,1,86.1,1,1,1,Lost
15541,113,1,85.13,2,1,1,Lost
13841,252,1,85.0,2,1,1,Lost
12401,302,1,84.3,2,1,1,Lost
15094,462,2,83.0,1,2,1,Lost
14347,736,1,82.6,1,1,1,Lost
13469,652,1,82.4,1,1,1,Lost
16028,595,1,82.2,1,1,1,Lost
13215,401,1,81.6,1,1,1,Lost
13006,55,1,81.57,3,1,1,New / Promising
17620,59,1,81.44,3,1,1,New / Promising
17008,428,1,81.36,1,1,1,Lost
14717,732,1,81.3,1,1,1,Lost
15170,406,1,81.15,1,1,1,Lost
17336,471,1,81.12,1,1,1,Lost
16789,7,1,80.8,4,1,1,New / Promising
17752,358,1,80.64,2,1,1,Lost
15833,737,1,80.4,1,1,1,Lost
15131,394,1,80.28,1,1,1,Lost
14190,665,1,79.9,1,1,1,Lost
16165,504,1,79.9,1,1,1,Lost
14007,512,1,79.48,1,1,1,Lost
15753,304,1,79.2,2,1,1,Lost
12570,681,1,77.52,1,1,1,Lost
17942,7,1,77.5,4,1,1,New / Promising
14785,9,2,77.4,4,2,1,New / Promising
13132,261,1,77.3,2,1,1,Lost
16867,689,1,76.74,1,1,1,Lost
14373,357,1,76.55,2,1,1,Lost
14613,679,1,76.32,1,1,1,Lost
18113,368,1,76.32,2,1,1,Lost
14090,324,1,76.32,2,1,1,Lost
15668,217,1,76.32,2,1,1,Lost
13219,617,1,76.23,1,1,1,Lost
17628,80,1,75.75,3,1,1,New / Promising
16610,218,1,75.66,2,1,1,Lost
14559,389,1,75.6,1,1,1,Lost
17192,535,1,75.28,1,1,1,Lost
16420,395,1,75.0,1,1,1,Lost
17944,422,1,74.99,1,1,1,Lost
13095,70,1,74.4,3,1,1,New / Promising
18032,333,1,73.5,2,1,1,Lost
12506,232,1,73.5,2,1,1,Lost
16171,58,1,73.2,3,1,1,New / Promising
17906,246,1,72.9,2,1,1,Lost
13105,435,1,72.0,1,1,1,Lost
16459,729,1,71.79,1,1,1,Lost
13938,34,1,71.66,3,1,1,New / Promising
16970,625,1,71.4,1,1,1,Lost
13185,267,1,71.4,2,1,1,Lost
17747,112,1,71.4,2,1,1,Lost
13915,393,1,70.8,1,1,1,Lost
15564,462,2,70.74,1,2,1,Lost
12568,644,1,70.0,1,1,1,Lost
13172,399,1,69.6,1,1,1,Lost
14906,444,1,68.44,1,1,1,Lost
12861,619,1,68.25,1,1,1,Lost
17249,428,1,68.03,1,1,1,Lost
14393,217,1,67.95,2,1,1,Lost
17532,385,1,65.34,1,1,1,Lost
13022,429,1,65.3,1,1,1,Lost
13130,93,1,64.0,3,1,1,New / Promising
16238,422,1,63.66,1,1,1,Lost
17216,553,1,63.6,1,1,1,Lost
17263,207,1,63.44,2,1,1,Lost
15470,575,1,63.42,1,1,1,Lost
12404,681,1,63.24,1,1,1,Lost
16058,405,1,62.7,1,1,1,Lost
13218,126,1,62.64,2,1,1,Lost
14650,588,1,62.5,1,1,1,Lost
15516,44,3,62.43,3,2,1,New / Promising
13380,432,1,62.4,1,1,1,Lost
13303,399,1,61.72,1,1,1,Lost
13818,429,1,61.28,1,1,1,Lost
15375,689,1,60.96,1,1,1,Lost
16605,723,1,60.48,1,1,1,Lost
15250,640,1,60.0,1,1,1,Lost
17174,217,1,59.9,2,1,1,Lost
13391,203,1,59.8,2,1,1,Lost
13682,186,1,59.5,2,1,1,Lost
15371,661,1,59.4,1,1,1,Lost
15233,400,1,59.4,1,1,1,Lost
14384,500,1,58.5,1,1,1,Lost
12466,681,1,56.73,1,1,1,Lost
17775,254,1,56.4,2,1,1,Lost
15899,368,1,56.25,2,1,1,Lost
13366,49,1,56.16,3,1,1,New / Promising
15685,449,1,55.98,1,1,1,Lost
12776,667,1,55.5,1,1,1,Lost
17494,501,1,54.7,1,1,1,Lost
12860,692,1,54.22,1,1,1,Lost
13306,429,1,53.65,1,1,1,Lost
16349,290,1,53.5,2,1,1,Lost
17599,477,1,52.05,1,1,1,Lost
15313,109,1,52.0,2,1,1,Lost
16786,393,1,51.84,1,1,1,Lost
17844,106,1,51.56,2,1,1,Lost
13254,375,1,51.41,2,1,1,Lost
14351,164,1,51.0,2,1,1,Lost
13011,371,1,50.55,2,1,1,Lost
14743,592,1,50.48,1,1,1,Lost
18184,14,1,49.8,4,1,1,New / Promising
14380,681,1,48.96,1,1,1,Lost
16530,667,1,48.35,1,1,1,Lost
16257,176,1,46.95,2,1,1,Lost
13438,546,1,46.5,1,1,1,Lost
15698,623,1,46.2,1,1,1,Lost
12496,619,2,45.34,1,2,1,Lost
15672,724,1,45.3,1,1,1,Lost
17916,628,2,43.87,1,2,1,Lost
14300,18,1,43.2,4,1,1,New / Promising
13913,506,1,42.22,1,1,1,Lost
13906,408,1,42.0,1,1,1,Lost
16219,500,1,40.8,1,1,1,Lost
14266,427,1,40.56,1,1,1,Lost
15178,259,1,40.5,2,1,1,Lost
14086,462,1,39.95,1,1,1,Lost
14589,371,1,39.75,2,1,1,Lost
16659,188,1,39.12,2,1,1,Lost
17246,546,2,38.92,1,2,1,Lost
18019,51,1,38.45,3,1,1,New / Promising
15455,597,1,38.25,1,1,1,Lost
15693,658,1,37.5,1,1,1,Lost
16162,251,1,37.4,2,1,1,Lost
17352,695,1,36.25,1,1,1,Lost
14993,563,1,36.13,1,1,1,Lost
15940,310,1,35.8,2,1,1,Lost
16417,492,1,35.7,1,1,1,Lost
14576,371,1,35.4,2,1,1,Lost
17831,32,1,35.4,3,1,1,New / Promising
17533,434,1,34.8,1,1,1,Lost
15744,77,1,34.8,3,1,1,New / Promising
15871,436,1,33.1,1,1,1,Lost
16941,611,1,33.0,1,1,1,Lost
14977,725,1,31.93,1,1,1,Lost
17129,519,1,31.85,1,1,1,Lost
16454,44,4,30.95,3,3,1,Loyal
14144,485,1,30.6,1,1,1,Lost
13120,238,1,30.6,2,1,1,Lost
16548,598,1,30.15,1,1,1,Lost
15575,619,1,30.1,1,1,1,Lost
15657,22,1,30.0,4,1,1,New / Promising
17319,668,1,29.1,1,1,1,Lost
17102,261,1,25.5,2,1,1,Lost
15284,499,1,24.75,1,1,1,Lost
14610,395,2,24.35,1,2,1,Lost
16537,640,1,23.35,1,1,1,Lost
12606,681,1,21.0,1,1,1,Lost
17986,55,1,20.8,3,1,1,New / Promising
16953,29,1,20.8,3,1,1,New / Promising
13112,540,1,20.6,1,1,1,Lost
15999,735,1,20.4,1,1,1,Lost
13163,609,1,17.65,1,1,1,Lost
16093,106,1,17.0,2,1,1,Lost
12846,681,1,15.58,1,1,1,Lost
14580,517,1,14.85,1,1,1,Lost
14900,521,1,13.92,1,1,1,Lost
16878,83,1,13.3,3,1,1,New / Promising
17956,248,1,12.75,2,1,1,Lost
17378,373,1,10.95,2,1,1,Lost
18115,697,1,9.7,1,1,1,Lost
15040,541,1,7.49,1,1,1,Lost
15913,533,1,6.3,1,1,1,Lost
14792,63,1,6.2,3,1,1,New / Promising
13788,504,1,3.75,1,1,1,Lost
16738,297,1,3.75,2,1,1,Lost
14095,722,1,2.95,1,1,1,Lost
